二筛排名,代码,TS代码,板块,简称,二筛总分,评级档,异常惩罚,PE_TTM,扣非PE,距52周高点跌幅_%,营收5年CAGR_%,净利润5年CAGR_%,已在Watchlist,量化警示,营收3年CAGR_%,净利润3年CAGR_%,经营现金流3年CAGR_%,应收账款3年CAGR_%,库存3年CAGR_%,毛利率_%,净利率_%,ROE_%,ROA_%,资产负债率_%,长期债务权益比,利息保障倍数,FCF净利润转化率,股数3年CAGR_%,最新季度营收同比_%,最新季度净利润同比_%,经营现金流_原始值
1,603605,603605.SH,沪,珀莱雅,85.9,A-优先三件套,6.0,15.3109,15.7316,38.04,23.08,27.85,否,股数膨胀>2%,18.4,22.88,25.44,-11.78,-1.74,73.26,14.56,26.25,19.26,26.17,0.3545,50.46,1.3143,11.78,-1.68,-2.7,2193146649
2,603508,603508.SH,沪,思维列控,85.6,A-优先三件套,0.0,14.1744,14.3065,43.53,12.49,nan,否,无,12.5,16.45,43.59,4.95,5.95,66.49,37.64,12.76,11.66,9.2,0.1013,3627.03,1.1426,0.0,0.29,0.41,671825347
3,000975,000975.SZ,深,山金国际,85.3,A-优先三件套,0.0,20.8941,20.7524,32.42,16.68,19.06,否,无,26.83,37.97,33.0,-48.08,-5.15,31.82,19.11,20.69,16.84,18.65,0.2293,75.3,1.0367,0.0,25.86,34.49,4680085595
4,300470,300470.SZ,创,中密控股,84.3,A-优先三件套,0.0,16.3634,17.1016,31.37,13.86,12.8,否,无,13.35,7.61,15.2,4.48,12.64,45.58,21.8,13.8,11.46,17.1,0.2063,592.4,0.82,-0.03,12.91,-1.9,408804110
5,002001,002001.SZ,深,新和成,82.7,A-优先三件套,0.0,11.9224,12.2526,30.78,16.62,13.72,否,无,11.77,23.19,26.35,10.39,3.9,44.67,30.57,21.8,15.36,27.73,0.3837,35.82,1.0336,-0.19,2.97,15.35,8797431341
6,600415,600415.SH,沪,小商品城,82.7,A-优先三件套,0.0,15.5864,16.9267,46.67,39.85,35.53,否,无,37.77,56.32,95.92,27.6,21.49,31.44,21.16,19.34,10.09,48.14,0.9283,67.85,2.1712,-0.02,26.62,36.95,10529211443
7,688334,688334.SH,科,西高院,82.5,A-优先三件套,0.0,22.2558,24.2356,37.56,20.28,33.56,否,无,18.54,28.53,34.68,18.56,-6.39,54.47,31.89,9.15,7.56,17.22,0.208,287.09,1.2606,0.0,8.72,8.6,480400164
8,600989,600989.SH,沪,宝丰能源,82.0,A-优先三件套,0.0,11.4867,11.6459,34.06,24.71,19.68,否,无,19.11,21.66,36.5,-19.48,13.42,35.92,23.63,24.84,12.63,46.32,0.8629,14.98,0.8994,0.0,45.64,79.09,16851078344
9,300685,300685.SZ,创,艾德生物,81.9,A-优先三件套,0.0,20.8127,21.8571,27.38,10.46,14.91,否,无,12.46,10.98,34.77,12.57,4.37,82.59,30.16,18.53,16.37,12.42,0.1418,197.72,0.8206,-0.56,8.01,41.74,364824060
10,002690,002690.SZ,深,美亚光电,81.8,A-优先三件套,0.0,18.6005,19.3456,32.81,9.98,10.41,否,无,4.37,-0.5,44.94,3.43,-12.61,53.92,29.88,25.17,20.71,18.88,0.2327,100.0,1.2738,-0.01,4.16,10.77,962109305
11,002773,002773.SZ,深,康弘药业,81.4,A-优先三件套,0.0,18.1695,18.8433,55.44,6.83,nan,否,无,10.6,9.78,17.57,8.12,7.14,89.85,24.98,12.78,11.89,6.5,0.0695,100.0,1.0837,0.07,2.98,-2.68,1503648453
12,002315,002315.SZ,深,焦点科技,81.2,A-优先三件套,0.0,21.7938,22.2815,59.24,10.64,24.17,否,无,9.21,18.92,22.36,-19.01,-34.79,79.3,26.28,19.04,11.17,42.52,0.7397,660.55,1.7435,0.68,15.12,11.03,888363914
13,300144,300144.SZ,创,宋城演艺,79.3,A-优先三件套,0.0,20.3553,21.3542,40.12,20.12,nan,否,无,70.21,nan,67.0,56.21,-15.45,64.76,37.71,9.92,8.5,14.53,0.17,60.48,1.502,0.13,-6.61,-20.82,1545931208
14,688578,688578.SH,科,艾力斯,78.5,A-优先三件套,0.0,19.5714,21.1131,15.76,521.17,nan,否,无,87.18,155.97,193.75,35.54,30.73,96.83,42.2,35.41,31.68,10.39,0.1159,19128.99,0.976,0.0,45.8,53.1,2322531541
15,603979,603979.SH,沪,金诚信,78.3,A-优先三件套,0.0,18.6029,18.6687,16.34,29.17,44.57,否,无,37.41,55.21,66.0,7.99,15.44,33.82,16.28,22.39,11.54,49.83,0.9932,12.74,1.3399,1.2,39.74,44.01,4377465067
16,000426,000426.SZ,深,兴业银锡,77.2,A-优先三件套,0.0,27.2114,32.384,45.35,42.66,nan,否,无,38.61,114.02,47.42,5.72,11.61,57.59,30.68,18.79,11.63,40.76,0.688,10.73,1.1506,-1.13,30.09,13.49,2488264348
17,688093,688093.SH,科,世华科技,77.1,B-保留观察,14.0,17.8913,18.6077,44.27,27.0,25.35,否,FCF/NI<70%；股数膨胀>2%,32.96,29.1,37.74,20.3,25.33,58.11,36.71,16.8,15.69,5.64,0.0598,42131.58,0.2155,5.16,36.75,42.64,455401555
18,605599,605599.SH,沪,菜百股份,77.0,A-优先三件套,0.0,10.8217,10.9443,40.53,32.46,25.85,否,无,37.9,35.8,48.46,-8.92,16.14,8.3,4.01,26.54,13.85,50.56,1.0227,60.6,1.6896,0.0,42.44,59.07,1985148480
19,002517,002517.SZ,深,恺英网络,76.3,A-优先三件套,7.0,16.3928,18.9635,45.51,28.11,50.97,否,利润增速显著快于营收,12.64,11.8,15.12,5.67,63.15,80.84,35.72,23.13,18.03,24.27,0.3205,427.29,1.1216,-0.25,4.04,16.87,2262661915
20,300693,300693.SZ,创,盛弘股份,76.1,A-优先三件套,6.0,24.5842,24.7871,39.75,35.03,34.92,否,股数膨胀>2%,32.07,28.5,51.33,20.33,9.89,38.47,13.7,23.75,12.1,47.8,0.9157,95.32,1.2205,15.07,14.05,11.77,701018629
21,002947,002947.SZ,深,恒铭达,75.5,A-优先三件套,6.0,25.439,26.4423,45.52,34.73,38.39,否,股数膨胀>2%,22.68,40.44,88.46,21.38,0.56,31.98,18.67,16.94,12.7,29.61,0.4207,118.38,1.1584,3.64,14.94,17.07,686654971
22,002595,002595.SZ,深,豪迈科技,75.2,A-优先三件套,8.0,23.5108,24.8283,52.3,15.91,18.92,否,FCF/NI<70%,18.59,25.91,23.01,18.5,18.39,33.56,21.62,21.85,18.11,18.49,0.2268,893.82,0.0517,0.0,25.7,18.93,1033723043
23,301061,301061.SZ,创,匠心家居,75.2,A-优先三件套,6.0,11.8961,12.9831,70.88,20.72,33.06,否,股数膨胀>2%,32.2,36.91,44.09,38.2,17.71,39.29,25.38,22.02,17.53,22.51,0.2905,75.27,0.8268,19.56,32.6,25.56,788922522
24,688029,688029.SH,科,南微医学,75.2,A-优先三件套,0.0,25.0552,26.086,27.03,19.14,16.96,否,无,17.15,20.51,40.11,23.88,3.07,64.09,18.3,14.14,11.37,20.53,0.2583,138.1,0.7497,0.01,15.55,2.55,687945754
25,603699,603699.SH,沪,纽威股份,74.4,A-优先三件套,0.0,25.4138,25.6429,17.15,16.42,24.87,否,无,24.15,50.62,57.34,15.79,10.97,39.28,20.86,35.68,16.86,55.6,1.2523,46.31,1.2286,1.16,24.53,39.04,2192839228
26,603337,603337.SH,沪,杰克科技,74.3,A-优先三件套,0.0,20.8269,23.063,33.89,13.34,22.4,否,无,6.19,20.03,13.26,1.68,-13.31,34.24,13.16,17.36,10.65,37.71,0.6054,94.97,1.2935,-0.66,8.1,4.78,1284877061
27,603606,603606.SH,沪,东方电缆,74.2,A-优先三件套,0.0,20.6379,20.819,53.87,16.5,7.46,否,无,15.66,14.71,44.79,13.24,44.07,22.11,11.73,16.79,9.18,46.69,0.8758,138.26,0.9295,0.0,19.26,26.11,1964747569
28,002901,002901.SZ,深,大博医疗,73.1,A-优先三件套,0.0,28.462,35.5746,33.52,10.39,0.71,否,无,21.95,79.99,86.36,-2.29,7.73,70.5,24.49,18.55,13.63,25.16,0.3362,114.75,1.0977,-0.25,21.79,65.3,831337038
29,603025,603025.SH,沪,大豪科技,73.1,B-保留观察,14.0,18.2824,17.9245,36.65,29.24,28.5,否,FCF/NI<70%；股数膨胀>2%,23.4,18.47,20.58,15.05,8.24,43.37,25.28,26.26,16.16,38.53,0.6268,31.27,0.4303,6.5,18.7,21.6,382560547
30,605116,605116.SH,沪,奥锐特,72.3,A-优先三件套,8.0,20.5816,21.197,43.93,18.66,23.36,否,FCF/NI<70%,18.97,29.22,36.31,24.75,13.17,59.67,26.46,18.01,11.09,37.05,0.5886,15.55,0.1613,0.0,15.03,26.61,421496354
31,300832,300832.SZ,创,新产业,72.1,A-优先三件套,8.0,23.7378,24.5168,27.46,15.83,11.52,否,应收增速>营收,14.52,6.86,16.52,27.76,7.41,69.25,35.4,18.29,16.57,8.01,0.0871,3430.08,0.7474,-0.02,0.91,-11.39,1522397398
32,605099,605099.SH,沪,共创草坪,71.7,B-保留观察,8.0,19.1492,19.6195,39.37,12.21,10.19,否,应收增速>营收,10.03,14.31,13.37,18.17,5.43,34.22,20.29,22.58,17.8,24.81,0.33,112.82,0.797,0.07,11.49,30.6,737236959
33,605056,605056.SH,沪,咸亨国际,71.4,B-保留观察,0.0,22.0032,22.2452,53.7,18.03,2.84,否,无,29.01,8.68,37.63,23.21,-2.17,24.16,6.14,15.68,7.73,54.03,1.1753,369.27,1.8006,-0.03,26.48,16.88,561113952
34,002558,002558.SZ,深,巨人网络,71.1,B-保留观察,12.0,19.9681,17.8726,51.02,17.88,11.18,否,增速异常,35.3,28.48,59.41,16.87,nan,91.03,35.03,12.5,10.49,18.67,0.2296,90.96,1.6261,-1.18,72.69,23.58,2985105474
35,300009,300009.SZ,创,安科生物,71.1,B-保留观察,0.0,21.6008,23.7679,31.32,9.24,16.61,否,无,4.32,0.43,7.29,0.25,6.29,75.7,28.24,16.54,13.99,14.62,0.1712,429.84,1.0088,-0.01,4.36,4.4,863220471
36,002602,002602.SZ,深,世纪华通,71.0,B-保留观察,12.0,16.2136,16.2459,38.55,21.28,22.14,否,增速异常,48.92,nan,79.1,18.65,6.92,69.95,15.09,20.18,13.72,29.73,0.4231,26.58,1.3594,-0.37,67.55,447.24,8564365729
37,603766,603766.SH,沪,隆鑫通用,70.9,B-保留观察,0.0,18.1896,18.026,17.4,12.89,28.7,否,无,15.53,49.62,33.96,5.66,4.73,19.03,8.53,17.25,9.77,44.38,0.7979,51.51,1.5641,0.0,13.75,54.52,2876130711
38,002956,002956.SZ,深,西麦食品,70.7,B-保留观察,0.0,22.2182,23.4844,51.47,16.93,5.49,否,无,19.05,16.67,11.28,17.74,21.18,41.95,7.71,10.92,7.73,28.41,0.3968,121.21,0.8614,-0.0,18.11,29.74,265068890
39,300015,300015.SZ,创,爱尔眼科,70.6,B-保留观察,6.0,22.9794,23.788,40.29,13.41,13.1,否,股数膨胀>2%,11.54,8.9,9.97,5.31,10.29,47.11,15.54,15.36,9.93,36.2,0.5674,17.14,1.1188,9.12,6.53,-7.04,5972727509
40,605098,605098.SH,沪,行动教育,70.4,B-保留观察,8.0,18.2073,21.2546,21.2,16.46,24.4,否,应收增速>营收,21.62,42.34,79.58,166.94,-16.65,78.86,39.84,32.55,13.98,57.44,1.3496,207.66,1.2737,0.33,3.55,19.05,414772877
41,300113,300113.SZ,创,顺网科技,70.3,B-保留观察,7.0,26.4962,35.8724,47.65,10.81,31.29,否,利润增速显著快于营收,15.79,nan,66.0,13.87,5.19,48.46,25.81,18.39,15.4,14.29,0.1667,146.48,0.7243,-0.52,-5.18,59.31,366854683
42,300595,300595.SZ,创,欧普康视,69.8,B-保留观察,0.0,21.137,25.7854,44.94,16.41,4.15,否,无,6.86,-7.92,3.86,8.01,11.65,72.46,29.23,10.31,8.85,13.61,0.1575,47.51,1.1273,0.02,2.62,-12.52,730078196
43,600489,600489.SH,沪,中金黄金,69.8,B-保留观察,0.0,20.9939,19.1145,34.47,10.5,25.95,否,无,11.43,34.85,13.84,-16.84,2.04,16.71,7.76,17.78,10.38,41.75,0.7167,19.25,0.8714,0.0,20.62,45.92,8375244370
44,688789,688789.SH,科,宏华数科,69.7,B-保留观察,14.0,18.0563,20.0738,48.63,26.32,26.41,否,FCF/NI<70%；股数膨胀>2%,37.05,30.14,15.95,37.29,29.41,43.05,23.99,16.04,11.97,25.7,0.3459,124.51,-0.1357,33.29,28.61,27.65,279580132
45,002287,002287.SZ,深,奇正藏药,69.6,B-保留观察,6.0,17.1811,23.162,47.96,10.35,9.79,否,股数膨胀>2%,5.72,11.31,36.69,-0.95,32.03,83.05,26.8,14.22,9.45,27.77,0.3845,18.51,0.8912,2.57,3.34,11.37,729702695
46,688128,688128.SH,科,中国电研,69.5,B-保留观察,0.0,16.3809,18.0859,42.67,13.6,13.7,否,无,7.89,14.54,19.81,0.99,13.85,34.15,11.29,15.73,6.8,57.3,1.3419,142.96,1.7187,0.0,5.38,14.4,1213352579
47,920029,920029.BJ,北,开发科技,69.1,B-保留观察,6.0,12.8154,13.1259,68.35,7.15,16.74,否,股数膨胀>2%,19.04,56.77,75.22,14.12,-10.82,39.31,23.39,24.16,17.71,20.31,0.2549,172.9,0.7836,11.57,2.99,20.08,697931734
48,000423,000423.SZ,深,东阿阿胶,68.9,B-保留观察,7.0,17.3659,18.5199,17.15,14.47,111.62,否,利润增速显著快于营收,18.35,30.67,2.19,-29.9,-12.3,73.47,25.95,16.8,13.13,22.55,0.2912,304.69,1.2781,-0.51,13.17,11.66,2289207775
49,603380,603380.SH,沪,易德龙,68.4,B-保留观察,0.0,25.5044,25.7206,37.0,12.18,6.22,否,无,5.08,6.89,109.11,-6.79,2.1,25.44,9.81,14.37,9.92,26.92,0.3684,528.3,1.1881,-0.2,5.95,20.06,354991463
50,605183,605183.SH,沪,确成股份,68.3,B-保留观察,8.0,13.631,13.299,39.84,16.04,20.76,否,FCF/NI<70%,8.33,9.29,11.16,-1.93,0.42,34.92,22.37,14.06,12.16,14.36,0.1677,198.89,0.0936,-0.13,1.04,-8.13,570014697
51,601633,601633.SH,沪,长城汽车,68.1,B-保留观察,0.0,14.4023,25.7254,43.39,16.62,12.97,否,无,17.5,6.13,48.55,13.24,5.33,18.04,4.43,11.82,4.45,60.99,1.5634,15.5,2.9846,-0.79,10.2,-22.27,40355401298
52,001914,001914.SZ,深,招商积余,68.0,B-保留观察,0.0,13.668,14.7009,36.2,17.42,9.99,否,无,13.96,4.98,18.14,1.54,-3.58,11.09,3.41,6.13,3.35,45.9,0.8484,37.61,2.4771,-0.21,12.23,-24.33,1640954562
53,002545,002545.SZ,深,东方铁塔,67.6,B-保留观察,12.0,15.4548,15.91,43.62,12.97,31.27,否,增速异常,10.5,13.6,94.73,-5.32,-5.84,40.33,24.69,12.9,8.7,30.83,0.4457,28.64,1.7631,0.0,16.27,113.81,2387624791
54,002847,002847.SZ,深,盐津铺子,67.6,B-保留观察,14.0,14.9399,15.5227,44.86,24.08,25.13,否,FCF/NI<70%；股数膨胀>2%,25.81,35.0,28.79,12.09,17.43,30.8,12.89,37.76,19.31,47.07,0.8893,43.0,0.0284,28.45,8.64,15.96,908977876
55,300002,300002.SZ,创,神州泰岳,67.5,B-保留观察,0.0,21.3087,20.5097,50.16,10.11,19.15,否,无,6.59,13.88,2.99,7.26,2.78,57.71,13.51,10.73,9.32,12.65,0.1448,299.29,1.3506,0.1,-9.79,-44.62,1141532247
56,300304,300304.SZ,创,云意电气,67.3,B-保留观察,8.0,25.2406,29.9317,42.59,23.36,21.41,否,FCF/NI<70%,26.88,57.07,56.99,25.72,12.92,34.81,22.52,15.88,12.3,23.54,0.3079,746.54,0.3076,0.25,11.83,24.77,360813176
57,601808,601808.SH,沪,中海油服,67.3,B-保留观察,0.0,15.6037,15.8051,42.97,11.67,8.35,否,无,12.14,17.65,17.84,1.8,-1.95,17.39,8.07,8.87,4.85,44.18,0.7915,8.89,1.3365,0.0,4.1,19.44,11289935638
58,603153,603153.SH,沪,上海建科,66.9,B-保留观察,0.0,14.3346,17.0679,37.52,12.5,9.67,否,无,12.01,9.49,29.41,16.22,1.35,36.94,8.06,9.42,6.29,34.85,0.5349,38.05,0.8574,0.0,20.44,11.39,458315022
59,301101,301101.SZ,创,明月镜片,66.5,B-保留观察,6.0,29.3907,34.0994,43.08,8.92,20.09,否,股数膨胀>2%,9.92,11.23,24.42,-6.52,1.93,57.35,24.62,11.57,10.5,10.73,0.1202,194.15,0.914,14.47,7.43,8.37,282824194
60,300019,300019.SZ,创,硅宝科技,66.4,B-保留观察,0.0,26.5001,27.9179,45.44,19.75,6.74,否,无,11.66,3.62,65.78,3.71,19.1,21.04,7.42,10.57,6.8,33.96,0.5142,41.84,1.6029,0.17,18.75,15.63,577746699
61,002130,002130.SZ,深,沃尔核材,66.1,B-保留观察,8.0,20.2746,21.2421,53.42,15.59,23.31,否,FCF/NI<70%,16.53,22.75,10.07,16.84,20.69,31.65,14.44,18.88,10.81,44.76,0.8103,27.02,0.1026,0.0,22.0,32.61,1160052323
62,603871,603871.SH,沪,嘉友国际,66.1,B-保留观察,14.0,14.417,14.586,23.14,20.62,25.92,否,FCF/NI<70%；股数膨胀>2%,20.15,19.0,30.61,9.27,-1.83,18.48,13.67,19.23,14.55,23.78,0.312,46.66,0.6781,39.86,-4.31,-10.63,1131257526
63,600993,600993.SH,沪,马应龙,65.7,B-保留观察,0.0,16.7967,17.3461,23.76,6.73,7.06,否,无,3.06,8.04,20.65,5.55,-1.54,49.19,15.67,13.9,11.41,16.95,0.2041,91.59,0.795,0.0,3.72,10.47,600440357
64,002967,002967.SZ,深,广电计量,65.1,B-保留观察,0.0,24.5435,27.1705,35.37,14.38,12.77,否,无,11.43,32.61,20.16,8.5,43.35,46.84,12.31,12.4,6.67,44.63,0.806,11.13,1.0806,0.46,12.37,23.37,951810586
65,002833,002833.SZ,深,弘亚数控,65.0,B-保留观察,0.0,17.6047,19.0815,19.18,7.53,3.7,否,无,4.52,-3.81,13.87,-13.58,10.31,32.12,17.72,14.38,10.2,29.69,0.4223,9.42,1.1995,0.0,-9.84,-17.38,621803842
66,600563,600563.SH,沪,法拉电子,65.0,B-保留观察,8.0,24.8492,26.1418,33.06,23.02,16.15,否,FCF/NI<70%,11.56,5.34,6.92,7.79,9.64,32.12,22.39,20.97,14.42,30.91,0.4474,317.58,0.6105,0.0,11.64,14.43,1272639418
67,688336,688336.SH,科,三生国健,65.0,B-保留观察,18.0,13.8639,14.8884,50.67,45.0,nan,否,增速异常；ROE>40%,71.98,299.27,135.34,0.96,4.7,92.07,68.87,41.46,38.76,6.06,0.0645,5681.04,0.965,0.0,251.81,318.26,3043452400
68,002275,002275.SZ,深,桂林三金,64.9,B-保留观察,0.0,19.1009,20.0684,23.88,5.48,9.35,否,无,1.44,9.54,10.23,4.22,-6.02,76.03,21.17,13.97,10.2,25.06,0.3344,27.1,1.4343,0.0,-6.76,-16.95,708121274
69,600897,600897.SH,沪,厦门空港,64.9,B-保留观察,6.0,11.9884,13.255,34.71,11.07,24.23,否,股数膨胀>2%,27.22,139.23,69.25,16.48,-18.63,39.66,26.81,11.24,9.35,16.22,0.1936,202.0,1.3073,11.87,10.05,19.97,800327355
70,601899,601899.SH,沪,紫金矿业,64.6,B-保留观察,7.0,13.6539,13.7599,22.7,15.27,49.81,否,利润增速显著快于营收,8.9,37.1,38.04,5.55,12.12,27.73,18.28,29.98,14.05,51.56,1.0644,20.87,0.7016,0.33,14.96,62.01,75429516296
71,000888,000888.SZ,深,峨眉山A,64.3,B-保留观察,0.0,23.3639,23.1932,36.97,14.84,nan,否,无,29.37,nan,nan,7.77,-5.81,49.89,14.14,5.48,4.05,26.46,0.3598,9.7,2.2317,0.0,-7.88,-18.33,354653729
72,000786,000786.SZ,深,北新建材,64.1,B-保留观察,0.0,12.2876,13.1041,43.06,8.51,-0.17,否,无,8.24,-1.56,4.69,5.53,-3.29,28.81,11.86,10.9,8.42,21.6,0.2755,76.71,1.0209,0.25,-2.09,-19.52,4203945682
73,301215,301215.SZ,创,中汽股份,63.9,B-保留观察,8.0,26.7168,30.0626,33.16,14.52,16.26,否,FCF/NI<70%,21.18,14.34,36.99,20.28,-18.38,63.67,36.81,7.25,6.01,16.59,0.1989,366.39,0.5614,0.04,44.41,27.62,300161144
74,603173,603173.SH,沪,福斯达,63.9,B-保留观察,6.0,12.6454,13.0806,43.09,22.74,23.82,否,股数膨胀>2%,16.77,43.72,251.63,12.89,30.35,26.31,14.03,23.39,7.74,64.6,1.8249,119.92,1.8958,10.06,24.14,61.34,912062581
75,603338,603338.SH,沪,浙江鼎力,63.8,B-保留观察,8.0,14.1522,14.8642,16.78,23.73,23.38,否,FCF/NI<70%,16.35,14.74,11.9,12.59,17.36,34.26,22.15,17.71,11.61,34.25,0.5209,189.75,0.3435,0.0,9.96,16.58,1312489815
76,603929,603929.SH,沪,亚翔集成,63.7,B-保留观察,6.0,29.1639,29.5202,41.41,39.48,nan,否,ROE>40%,17.31,80.12,84.25,-10.85,-52.53,24.57,18.06,42.52,18.79,57.01,1.3261,416.56,1.8744,0.0,-8.81,39.7,1665902538
77,300181,300181.SZ,创,佐力药业,63.6,B-保留观察,15.0,15.2599,15.6329,32.84,22.76,46.47,否,利润增速显著快于营收；FCF/NI<70%,18.98,31.04,8.93,20.15,18.6,61.6,21.13,21.2,14.76,31.21,0.4537,53.0,0.1954,0.0,17.96,24.51,411801735
78,002606,002606.SZ,深,大连电瓷,63.4,B-保留观察,0.0,23.8646,26.0707,24.71,15.39,14.97,否,无,13.84,5.59,13.67,18.57,22.18,32.12,11.91,11.68,7.06,40.25,0.6736,27.96,1.8833,-0.02,18.92,1.17,493569120
79,688208,688208.SH,科,道通科技,63.3,B-保留观察,14.0,18.0389,19.384,41.38,25.09,15.51,否,FCF/NI<70%；股数膨胀>2%,28.73,121.8,nan,18.27,13.48,56.07,18.43,25.04,13.13,49.17,0.9673,15.08,0.5206,14.04,22.9,58.92,595597662
80,600406,600406.SH,沪,国电南瑞,62.9,B-保留观察,6.0,22.3671,23.2161,27.73,11.46,11.19,否,股数膨胀>2%,12.25,8.66,13.38,11.18,16.33,25.84,13.37,16.21,9.24,42.73,0.7461,476.75,1.2036,6.26,15.35,8.73,12768702125
81,300896,300896.SZ,创,爱美客,62.6,B-保留观察,6.0,25.5244,30.7734,54.48,28.16,24.6,否,股数膨胀>2%,8.15,0.88,3.51,2.58,25.89,92.7,53.07,16.15,15.09,8.35,0.0911,211.08,0.8863,11.83,-18.94,-33.47,1324231593
82,600268,600268.SH,沪,国电南自,62.6,B-保留观察,6.0,20.7231,21.8142,39.74,13.9,25.66,否,股数膨胀>2%,11.23,28.09,25.25,10.66,2.44,26.29,7.73,16.5,6.46,60.83,1.553,103.56,1.1327,12.89,6.8,28.09,897030617
83,603786,603786.SH,沪,科博达,62.6,B-保留观察,8.0,21.0015,21.4085,63.11,18.94,8.42,否,FCF/NI<70%,27.02,19.68,nan,24.28,11.05,25.46,12.4,15.43,10.64,33.19,0.4968,41.54,0.2043,-0.02,16.19,6.04,546805575
84,605499,605499.SH,沪,东鹏饮料,62.2,B-保留观察,20.0,17.9581,19.5345,62.13,33.31,40.3,否,ROE>40%；应收增速>营收；股数膨胀>2%,34.89,45.25,44.98,54.3,18.56,44.91,21.14,51.58,17.87,64.73,1.8353,54.32,0.8862,9.14,31.8,32.7,6174239868
85,688100,688100.SH,科,威胜信息,62.2,B-保留观察,16.0,22.389,23.1503,47.49,15.5,19.28,否,应收增速>营收；FCF/NI<70%,14.12,18.32,26.11,31.21,5.56,40.17,22.38,19.34,12.52,37.79,0.6075,2299.67,0.4371,-0.56,8.48,5.6,516042455
86,603486,603486.SH,沪,科沃斯,61.9,B-保留观察,12.0,17.48,22.639,45.25,21.36,22.25,否,增速异常,7.5,1.12,25.16,6.39,3.83,48.82,9.23,21.65,10.83,48.12,0.9275,45.18,1.5385,0.31,15.1,118.21,3386757988
87,603899,603899.SH,沪,晨光股份,61.9,B-保留观察,0.0,15.301,18.5195,31.98,13.79,1.91,否,无,7.82,0.14,19.07,15.69,0.89,18.36,5.43,14.1,7.85,45.36,0.8302,61.13,1.409,-0.21,3.45,-6.43,2282072469
88,002997,002997.SZ,深,瑞鹄模具,61.5,B-保留观察,6.0,14.5264,15.4684,35.78,28.22,33.32,否,股数膨胀>2%,41.27,46.38,76.0,32.08,17.7,24.16,13.83,17.16,6.98,60.68,1.5432,93.01,0.7132,4.47,35.8,12.91,518894493
89,002911,002911.SZ,深,佛燃能源,61.0,B-保留观察,6.0,13.2346,13.451,39.83,34.92,15.65,否,股数膨胀>2%,21.09,22.49,13.86,-7.62,14.99,6.22,3.53,12.04,6.0,49.35,0.9743,15.01,1.3058,10.88,6.35,22.34,1898152725
90,601799,601799.SH,沪,星宇股份,61.0,B-保留观察,8.0,14.9121,15.2836,45.43,15.81,6.97,否,应收增速>营收,22.75,19.93,20.05,51.31,3.45,19.65,10.65,15.05,8.95,41.08,0.6972,262.28,0.9366,0.0,15.12,15.32,2436690466
91,000682,000682.SZ,深,东方电子,60.9,B-保留观察,8.0,15.2551,20.5114,25.58,17.64,23.92,否,FCF/NI<70%,15.34,23.36,25.13,12.71,9.67,32.24,11.07,15.44,6.96,54.27,1.1867,219.96,0.629,0.0,11.04,24.85,808247052
92,000807,000807.SZ,深,云铝股份,60.8,B-保留观察,7.0,10.3397,10.4561,32.3,15.22,42.88,否,利润增速显著快于营收,7.4,11.73,6.84,-28.94,6.36,16.79,12.24,21.75,17.07,19.84,0.2475,126.21,1.0607,0.0,10.27,44.1,8432323187
93,002452,002452.SZ,深,长高电气,60.6,B-保留观察,0.0,19.027,26.019,19.05,1.29,10.54,否,无,10.83,91.89,16.38,-1.58,2.52,38.82,20.64,13.41,9.46,27.47,0.3787,124.74,0.864,0.0,-5.41,36.31,358530322
94,300641,300641.SZ,创,正丹股份,60.6,B-保留观察,13.0,22.8404,25.9981,46.03,11.69,75.41,否,利润增速显著快于营收；股数膨胀>2%,5.98,133.86,120.5,12.26,-24.73,38.1,31.18,23.76,22.25,3.92,0.0408,91381.51,1.4622,2.85,-34.19,-39.99,1110122354
95,300012,300012.SZ,创,华测检测,60.2,B-保留观察,0.0,22.8799,24.4897,15.8,13.16,11.6,否,无,8.87,3.32,7.61,14.21,8.94,48.62,15.4,13.54,10.29,23.88,0.3137,72.03,0.7313,0.0,8.82,9.32,1371300497
96,300724,300724.SZ,创,捷佳伟创,60.2,B-保留观察,8.0,9.2265,10.5281,62.08,30.78,38.6,否,FCF/NI<70%,37.09,35.74,nan,31.21,-7.72,28.26,16.92,21.44,8.95,46.33,0.8632,570.39,-0.5371,0.01,-18.08,-5.37,-1204364966
97,688526,688526.SH,科,科前生物,60.1,B-保留观察,0.0,15.6563,18.5191,35.8,2.41,-1.42,否,无,-1.75,0.63,3.41,-4.14,-5.21,66.97,43.9,10.19,8.98,11.48,0.1297,240.68,0.8452,-0.01,0.83,9.29,468541833
98,000513,000513.SZ,深,丽珠集团,60.0,B-保留观察,0.0,15.5165,15.8328,32.67,2.7,2.5,否,无,-1.63,7.23,4.29,-2.36,-8.61,65.9,20.06,15.83,9.95,35.18,0.5427,45.83,1.0671,-1.73,1.76,4.62,3145038968
99,600012,600012.SH,沪,皖通高速,59.7,B-保留观察,0.0,14.2175,14.2032,20.8,20.62,16.51,否,无,8.89,9.56,22.24,nan,-1.57,44.5,27.66,11.58,6.42,53.29,1.1409,9.49,0.7221,0.99,-5.22,9.96,3539492973
100,688187,688187.SH,科,时代电气,59.7,B-保留观察,8.0,15.3097,16.0181,31.28,12.35,11.53,否,FCF/NI<70%,16.76,18.46,24.77,14.81,14.36,33.43,15.01,9.5,6.3,36.29,0.5696,175.11,-0.0102,-1.39,15.23,9.12,3964724300
101,600009,600009.SH,沪,上海机场,59.6,B-保留观察,0.0,24.9199,26.5265,34.36,25.4,nan,否,无,34.54,nan,nan,4.72,-5.25,27.51,18.06,5.47,3.4,37.86,0.6093,5.1,2.0204,-0.0,7.9,8.34,5981731896
102,002946,002946.SZ,深,新乳业,59.3,B-保留观察,0.0,17.0973,16.2697,22.87,10.73,21.12,否,无,3.93,27.72,13.47,4.01,-3.58,29.18,6.72,21.21,8.38,56.51,1.2994,11.67,1.3849,-0.23,5.33,37.31,1510107599
103,600809,600809.SH,沪,山西汾酒,59.3,B-保留观察,18.0,12.9481,12.9538,45.15,22.58,31.59,否,经营现金流3Y为负；FCF/NI<70%,13.88,14.66,-4.38,-43.71,14.25,74.85,31.76,32.64,22.39,28.74,0.4033,1262.09,0.6361,-0.0,7.52,0.34,9013519822
104,002351,002351.SZ,深,漫步者,58.8,B-保留观察,10.0,19.8507,21.8731,34.16,7.66,9.83,否,经营现金流3Y为负,8.1,20.37,-1.49,0.63,-3.98,40.63,16.64,15.64,12.93,15.77,0.1872,1725.27,0.8217,0.0,-4.97,-6.3,390182867
105,688550,688550.SH,科,瑞联新材,58.7,B-保留观察,6.0,25.0859,26.4481,38.33,9.82,12.01,否,股数膨胀>2%,4.23,7.85,21.18,7.99,-5.97,44.9,18.45,9.8,8.78,9.88,0.1096,1441.33,0.8461,20.83,14.91,22.87,344595762
106,600004,600004.SH,沪,白云机场,58.5,B-保留观察,6.0,14.1922,22.124,29.11,8.77,nan,否,股数膨胀>2%,26.06,nan,52.41,6.1,20.53,25.32,19.03,7.59,5.34,28.2,0.3928,21.12,1.5446,2.88,7.16,56.74,3074788372
107,603367,603367.SH,沪,辰欣药业,58.5,B-保留观察,0.0,15.6294,24.8522,59.94,-1.28,-0.54,否,无,-5.38,6.5,21.76,-8.86,2.42,51.89,12.36,6.97,5.62,17.99,0.2194,348.1,0.9515,-0.04,-13.48,-17.35,466374583
108,603868,603868.SH,沪,飞科电器,58.5,B-保留观察,0.0,25.136,28.3515,33.36,1.59,-4.27,否,无,-5.85,-14.61,2.36,-10.68,-12.82,56.7,13.26,16.11,13.2,16.45,0.1969,4157.78,1.5899,0.0,-6.9,11.84,875198097
109,600612,600612.SH,沪,老凤祥,58.4,B-保留观察,0.0,10.8559,11.4705,39.28,0.42,1.74,否,无,-5.71,-0.13,83.56,-18.76,-20.09,9.09,4.28,14.92,10.4,25.1,0.3351,16.04,2.5641,0.0,-6.99,-11.21,5962470282
110,605305,605305.SH,沪,中际联合,58.3,B-保留观察,14.0,14.0978,14.9566,25.28,22.5,23.42,否,FCF/NI<70%；股数膨胀>2%,32.95,50.62,4.31,25.72,32.37,47.27,28.22,19.17,14.92,22.33,0.2875,481.48,0.4809,11.87,44.64,68.37,270734219
111,600258,600258.SH,沪,首旅酒店,58.2,B-保留观察,0.0,16.3046,17.5975,32.88,7.57,nan,否,无,14.33,nan,30.46,-26.41,-4.87,39.88,10.7,6.79,3.31,50.18,1.0072,4.68,3.5506,-0.07,-1.86,-0.71,3313341174
112,300573,300573.SZ,创,兴齐眼药,58.1,B-保留观察,33.0,18.6521,18.3843,53.59,29.13,49.41,否,增速异常；利润增速显著快于营收；FCF/NI<70%；股数膨胀>2%,25.54,48.69,38.07,28.5,15.67,81.16,28.14,38.97,29.82,22.09,0.2835,180.91,0.694,40.66,27.24,105.84,753388786
113,002532,002532.SZ,深,天山铝业,57.7,C-暂缓,0.0,8.4858,8.6688,42.09,1.45,20.26,否,无,-3.67,21.98,36.63,-12.91,-8.98,24.4,16.31,17.06,8.67,45.4,0.8315,12.1,1.3552,-0.17,5.03,7.97,8052843035
114,001965,001965.SZ,深,招商公路,57.6,C-暂缓,6.0,13.458,13.6937,21.89,13.58,14.66,否,股数膨胀>2%,17.21,-0.93,18.86,-5.85,-5.01,29.83,38.22,5.66,3.18,43.58,0.7724,4.58,1.0486,3.22,5.11,-13.97,6511290313
115,000887,000887.SZ,深,中鼎股份,57.5,C-暂缓,0.0,19.5528,27.4351,16.0,11.39,26.0,否,无,10.06,18.57,33.46,7.84,9.27,23.24,7.96,11.49,6.12,47.37,0.9001,10.26,0.7855,0.0,5.02,26.34,2161916202
116,300140,300140.SZ,创,节能环境,57.3,C-暂缓,6.0,18.2486,17.4148,36.33,26.02,nan,否,股数膨胀>2%,91.81,nan,157.56,76.96,9.52,36.49,14.93,6.3,2.96,51.8,1.0747,3.99,1.8579,93.58,1.15,42.21,2199976148
117,000963,000963.SZ,深,华东医药,57.2,C-暂缓,0.0,14.0727,14.4778,40.67,5.3,3.23,否,无,4.96,10.43,21.25,7.67,7.18,32.36,7.82,14.0,8.87,35.52,0.5509,42.53,0.7893,0.0,4.07,-2.39,4245604371
118,688155,688155.SH,科,先惠技术,57.1,C-暂缓,6.0,17.1404,17.6979,44.31,43.34,50.83,否,股数膨胀>2%,18.98,nan,nan,11.7,36.79,28.42,15.67,19.25,8.44,57.67,1.3624,27.38,0.9313,18.14,23.39,51.76,526158752
119,002782,002782.SZ,深,可立克,57.0,C-暂缓,0.0,29.817,34.2102,50.88,34.01,8.02,否,无,19.19,36.7,68.02,6.44,3.31,12.9,5.48,14.16,6.69,52.47,1.1039,75.49,0.8906,1.33,17.87,28.33,357282146
120,002683,002683.SZ,深,广东宏大,56.8,C-暂缓,8.0,23.4058,23.6845,45.84,26.07,27.37,否,FCF/NI<70%,26.06,25.92,36.7,23.71,50.02,20.88,8.22,14.6,6.25,55.44,1.2442,11.58,0.6647,0.5,49.2,42.82,2275999217
121,301339,301339.SZ,创,通行宝,56.7,C-暂缓,6.0,28.0921,28.7686,40.55,18.02,6.37,否,股数膨胀>2%,21.38,14.06,nan,21.79,22.48,43.97,23.2,8.75,4.34,51.52,1.0627,262.0,1.3285,12.55,19.24,8.12,458445887
122,300979,300979.SZ,创,华利集团,56.6,C-暂缓,8.0,15.5874,16.0933,48.35,12.39,11.29,否,FCF/NI<70%,6.69,-0.22,2.23,9.09,5.32,21.89,12.84,19.03,14.19,27.57,0.3806,56.09,0.3347,0.0,4.06,-16.41,3743180888
123,603328,603328.SH,沪,依顿电子,56.5,C-暂缓,0.0,28.5533,29.5975,28.35,9.27,15.71,否,无,9.59,20.14,13.99,6.55,14.67,22.18,11.57,11.16,7.85,31.61,0.4622,39.92,0.7353,0.0,14.8,6.47,839309687
124,600862,600862.SH,沪,中航高科,56.4,C-暂缓,8.0,26.204,26.4234,39.02,11.45,19.17,否,应收增速>营收,4.05,10.41,41.74,13.51,0.84,37.6,20.63,13.24,10.6,19.81,0.247,186.63,0.918,0.0,-1.27,-11.66,1195232508
125,002920,002920.SZ,深,德赛西威,56.3,C-暂缓,14.0,20.8332,20.7431,43.94,36.79,36.69,否,FCF/NI<70%；股数膨胀>2%,29.67,28.28,67.87,29.88,11.92,19.07,7.6,19.53,9.64,47.86,0.9179,87.39,0.4389,2.44,17.88,22.54,2883761179
126,601567,601567.SH,沪,三星电气,56.2,C-暂缓,8.0,21.9052,34.0698,55.91,15.15,5.38,否,FCF/NI<70%,16.43,8.97,13.16,12.84,33.66,27.96,8.7,10.39,4.97,54.33,1.1896,13.34,0.6778,-0.07,-1.64,-45.06,1771421325
127,000729,000729.SZ,深,燕京啤酒,56.1,C-暂缓,7.0,16.2804,17.233,21.63,7.01,47.78,否,利润增速显著快于营收,5.11,54.06,16.58,-6.22,-4.17,43.56,13.09,12.37,8.56,29.47,0.4178,189.98,0.7402,0.0,4.54,51.64,2721833054
128,301109,301109.SZ,创,军信股份,56.0,C-暂缓,14.0,13.7787,14.7002,27.95,20.06,15.31,否,应收增速>营收；股数膨胀>2%,20.5,19.16,29.07,46.19,29.56,55.31,36.17,10.94,6.94,34.53,0.5274,10.81,1.1063,24.39,13.05,44.85,1699238652
129,301498,301498.SZ,创,乖宝宠物,55.9,C-暂缓,16.0,25.9618,26.0587,62.18,27.45,43.31,否,应收增速>营收；FCF/NI<70%,25.83,36.38,40.08,45.58,8.23,42.49,9.96,15.33,12.43,20.45,0.2571,472.88,0.2168,0.05,29.06,7.42,842381514
130,603897,603897.SH,沪,长城科技,55.9,C-暂缓,0.0,19.7833,19.6981,49.41,14.94,12.61,否,无,7.87,32.32,56.29,13.09,12.66,4.7,2.51,12.46,4.76,63.01,1.7034,22.02,1.9846,0.0,-3.07,33.62,712924842
131,605277,605277.SH,沪,新亚电子,55.9,C-暂缓,6.0,26.2772,26.4044,53.27,31.42,13.12,否,股数膨胀>2%,32.51,15.36,0.89,7.89,9.85,15.11,5.62,13.91,6.36,51.39,1.0572,11.78,1.4984,19.55,11.11,44.11,371880895
132,600598,600598.SH,沪,北大荒,55.8,C-暂缓,10.0,18.4177,20.597,31.77,10.04,3.73,否,经营现金流3Y为负,7.06,7.24,-0.5,nan,21.65,34.56,22.32,15.16,13.01,12.93,0.1485,3159.44,0.9158,0.0,-2.05,7.41,1240486450
133,600909,600909.SH,沪,华安证券,55.8,C-暂缓,0.0,20.3505,20.589,36.91,8.59,10.78,否,无,17.07,22.41,nan,-3.0,nan,,41.65,9.1,2.02,77.52,3.4484,,2.974,-0.14,11.56,41.81,6539047633
134,000538,000538.SZ,深,云南白药,55.6,C-暂缓,0.0,16.7456,17.8089,18.72,4.7,-1.19,否,无,4.12,22.25,12.75,3.78,-7.96,29.51,12.6,13.14,9.68,26.02,0.3517,248.52,0.7941,-0.23,2.88,8.87,4599693880
135,603596,603596.SH,沪,伯特利,55.6,C-暂缓,14.0,17.2428,18.6575,57.71,31.62,21.82,否,FCF/NI<70%；股数膨胀>2%,29.44,23.53,3.39,23.75,26.21,19.65,10.99,17.2,8.79,51.29,1.053,42.53,0.0647,13.77,20.91,8.08,866961398
136,603680,603680.SH,沪,今创集团,55.6,C-暂缓,0.0,12.9024,12.8933,43.01,2.28,7.94,否,无,7.09,48.88,82.25,0.71,4.36,30.26,13.06,10.28,6.29,33.67,0.5076,32.6,1.2576,0.0,-3.53,37.99,704149332
137,601022,601022.SH,沪,宁波远洋,55.3,C-暂缓,8.0,17.5374,18.2972,27.79,15.03,16.55,否,FCF/NI<70%,8.6,-0.78,11.62,3.98,12.29,16.09,10.72,10.96,7.7,30.13,0.4312,50.54,-0.1327,0.0,15.86,17.83,1406780143
138,603707,603707.SH,沪,健友股份,55.1,C-暂缓,0.0,21.9526,26.573,35.13,6.48,-6.1,否,无,2.44,-18.81,25.71,8.5,-16.54,39.41,14.57,8.69,5.86,33.29,0.499,13.32,1.0708,-0.03,1.71,-29.61,1182791068
139,600216,600216.SH,沪,浙江医药,54.7,C-暂缓,0.0,16.9338,18.0242,28.79,3.92,2.88,否,无,3.05,27.99,53.58,4.18,-2.39,34.67,8.56,6.92,5.45,21.3,0.2706,38.06,1.8957,-0.12,-5.28,-25.49,1885768711
140,603383,603383.SH,沪,顶点软件,54.7,C-暂缓,6.0,29.7453,34.5302,41.97,10.69,10.4,否,股数膨胀>2%,-2.35,2.83,4.66,-10.37,-0.7,70.72,30.71,11.93,9.6,20.44,0.2569,100.0,1.2422,6.24,-12.38,-7.37,225149201
141,603568,603568.SH,沪,伟明环保,54.7,C-暂缓,16.0,17.405,18.7476,50.29,14.83,13.3,否,应收增速>营收；FCF/NI<70%,11.94,11.96,13.69,47.73,42.8,50.88,37.6,14.68,8.13,43.94,0.7838,15.08,0.4826,0.31,-13.04,-15.79,3221913341
142,002170,002170.SZ,深,芭田股份,54.1,C-暂缓,25.0,10.7431,10.7906,25.87,18.91,64.09,否,增速异常；利润增速显著快于营收；股数膨胀>2%,20.98,95.75,118.59,17.09,19.02,35.62,18.04,26.1,15.33,35.14,0.5418,32.46,1.4515,2.9,52.62,122.48,1473196332
143,002262,002262.SZ,深,恩华药业,54.1,C-暂缓,16.0,20.3153,20.1899,25.09,11.95,7.73,否,应收增速>营收；FCF/NI<70%,11.2,6.21,7.79,21.49,1.85,72.13,17.85,13.79,11.94,12.96,0.1489,473.2,0.6079,0.27,3.75,-7.53,1078389757
144,600938,600938.SH,沪,中国海油,53.9,C-暂缓,0.0,12.9097,13.1495,23.98,20.71,37.39,否,无,-1.93,-4.82,0.56,-3.92,-0.8,51.47,30.67,15.71,11.34,26.71,0.3644,62.73,0.7982,-0.03,-5.3,-11.48,209042000000
145,603055,603055.SH,沪,台华新材,53.9,C-暂缓,0.0,15.5141,22.5373,22.85,20.7,36.46,否,无,16.92,26.29,27.32,23.95,11.18,20.76,8.43,10.36,4.66,52.72,1.1151,5.24,0.7021,-0.07,-10.01,-25.6,1228368289
146,603885,603885.SH,沪,吉祥航空,53.9,C-暂缓,0.0,19.8335,20.5677,35.0,17.37,nan,否,无,39.94,nan,227.02,1.93,21.59,12.45,4.62,9.89,2.08,76.78,3.3066,2.25,6.4024,-0.45,1.83,13.75,7269559364
147,920982,920982.BJ,北,锦波生物,53.7,C-暂缓,29.0,22.4303,23.3507,64.79,58.15,82.07,否,利润增速显著快于营收；应收增速>营收；FCF/NI<70%；股数膨胀>2%,59.9,80.99,71.96,71.64,60.78,89.21,40.47,37.71,27.83,26.71,0.3644,103.97,0.4022,22.67,10.57,-11.69,630002190
148,002831,002831.SZ,深,裕同科技,53.5,C-暂缓,0.0,20.5949,21.5115,46.25,7.9,6.61,否,无,1.75,0.06,1.46,0.25,-3.39,25.51,9.17,13.09,7.01,45.17,0.8238,16.51,1.2724,-0.36,0.47,8.9,2737188208
149,301087,301087.SZ,创,可孚医疗,53.5,C-暂缓,0.0,29.2598,35.0525,24.94,7.36,-2.7,否,无,4.4,7.03,91.6,-10.59,8.47,53.16,10.93,7.63,5.67,26.04,0.3521,25.86,1.447,0.07,13.56,18.56,695725817
150,688566,688566.SH,科,吉贝尔,53.5,C-暂缓,22.0,20.8011,25.1251,41.18,11.29,14.98,否,应收增速>营收；FCF/NI<70%；股数膨胀>2%,13.85,19.16,18.1,34.27,1.42,89.46,27.02,11.1,9.95,9.84,0.1091,1107.17,0.5123,2.18,7.76,19.19,248303432
151,002970,002970.SZ,深,锐明技术,53.2,C-暂缓,8.0,28.5215,29.6552,40.59,9.01,10.26,否,应收增速>营收,21.42,nan,13.06,29.54,15.37,45.18,15.68,20.71,12.35,36.49,0.5746,37.51,0.757,1.6,-10.82,32.26,398322852
152,601877,601877.SH,沪,正泰电器,53.2,C-暂缓,0.0,10.928,13.231,38.71,12.21,-1.58,否,无,8.76,9.09,65.47,-5.9,36.53,26.0,10.36,11.73,4.13,66.13,1.9525,4.78,3.4731,-0.02,-8.33,17.61,23090219257
153,688016,688016.SH,科,心脉医疗,53.2,C-暂缓,22.0,19.3649,21.4791,25.62,23.49,20.91,否,应收增速>营收；FCF/NI<70%；股数膨胀>2%,14.64,16.36,19.74,43.72,20.41,71.08,41.07,14.0,12.42,11.69,0.1324,298.4,0.4868,19.64,11.96,12.56,573063955
154,002891,002891.SZ,深,中宠股份,52.8,C-暂缓,8.0,27.128,28.485,53.56,18.52,21.34,否,FCF/NI<70%,17.15,48.8,64.75,20.44,4.34,29.54,7.63,13.81,8.01,42.67,0.7443,13.3,0.2918,1.15,16.95,-4.38,534458221
155,000915,000915.SZ,深,华特达因,52.7,C-暂缓,8.0,13.1907,14.2376,35.42,4.12,14.06,否,应收增速>营收,-1.63,1.01,2.05,7.5,-3.43,85.11,46.16,23.47,20.72,12.95,0.1488,100.0,1.2134,0.0,4.4,2.24,1271522661
156,600054,600054.SH,沪,黄山旅游,52.7,C-暂缓,8.0,28.0228,31.3048,24.46,23.28,nan,否,FCF/NI<70%,38.16,nan,214.93,22.66,-47.67,46.86,14.73,6.32,5.25,18.52,0.2273,34.57,0.4563,0.0,9.23,-8.62,666434843
157,920599,920599.BJ,北,同力股份,52.4,C-暂缓,8.0,9.3515,9.4497,34.41,18.47,20.06,否,FCF/NI<70%,7.09,21.45,85.33,11.33,8.52,22.99,13.14,25.01,10.95,53.46,1.1487,89.19,0.4297,0.73,3.98,5.8,393317437
158,300926,300926.SZ,创,博俊科技,52.2,C-暂缓,14.0,9.0586,9.0785,53.16,60.3,65.84,否,FCF/NI<70%；股数膨胀>2%,61.03,78.71,nan,31.11,32.64,26.08,14.53,27.96,10.43,61.18,1.576,15.87,-0.8974,41.01,37.39,37.68,432964424
159,600906,600906.SH,沪,财达证券,52.2,C-暂缓,0.0,18.3226,18.3419,21.3,5.67,7.03,否,无,17.99,35.19,68.35,-5.88,nan,,27.68,6.17,1.4,77.57,3.4583,,3.84,0.0,10.48,8.82,2948534412
160,300360,300360.SZ,创,炬华科技,52.1,C-暂缓,10.0,12.3581,14.5056,44.97,8.99,13.91,否,经营现金流3Y为负,3.85,6.2,-1.33,5.31,-13.52,43.1,34.31,14.17,11.88,15.3,0.1806,5220.45,0.7559,0.64,-16.85,-13.65,507093704
161,603848,603848.SH,沪,好太太,52.1,C-暂缓,8.0,23.9115,25.5554,62.0,5.88,-5.37,否,FCF/NI<70%,3.75,-2.41,18.19,0.59,-11.2,48.78,13.16,7.0,5.87,16.49,0.1975,503.83,0.4772,0.12,-0.86,-18.17,215190003
162,300592,300592.SZ,创,华凯易佰,52.0,C-暂缓,6.0,24.9981,26.6831,23.89,132.25,nan,否,股数膨胀>2%,27.4,-14.18,50.46,14.63,16.93,33.42,1.69,6.47,3.67,39.74,0.6595,15.45,4.9812,11.82,1.23,-7.71,971885545
163,603583,603583.SH,沪,捷昌驱动,52.0,C-暂缓,8.0,26.6686,29.3182,50.65,16.66,-0.32,否,FCF/NI<70%,10.31,7.05,20.52,13.37,8.66,29.2,9.85,8.82,5.96,31.5,0.4599,21.26,0.188,0.13,10.52,41.3,559093796
164,002555,002555.SZ,深,三七互娱,51.9,C-暂缓,10.0,12.7546,14.0902,40.05,2.09,-0.92,否,经营现金流3Y为负,-0.9,-0.12,-0.18,-7.85,nan,75.86,18.16,21.73,13.84,38.74,0.6324,58.17,1.0986,-0.08,-8.46,8.81,3538334678
165,600585,600585.SH,沪,海螺水泥,51.9,C-暂缓,0.0,11.8234,12.7145,35.35,-14.08,-26.38,否,无,-14.49,-21.31,19.93,-19.67,-13.35,24.16,9.53,3.89,3.08,20.42,0.2566,14.07,0.9252,0.0,-9.33,2.64,16643907685
166,600211,600211.SH,沪,西藏药业,51.8,C-暂缓,14.0,12.8424,16.3584,32.75,16.77,16.87,否,应收增速>营收；股数膨胀>2%,5.29,34.69,6.26,15.83,21.95,94.22,30.76,22.67,16.65,33.98,0.5147,77.38,1.0787,9.14,6.23,-13.25,1004750806
167,603233,603233.SH,沪,大参林,51.7,C-暂缓,6.0,15.6346,15.7216,18.92,13.53,4.64,否,股数膨胀>2%,8.98,7.98,12.51,7.39,2.26,34.32,4.94,16.18,5.14,67.3,2.0581,10.4,3.6019,6.26,3.8,38.67,5350188615
168,000921,000921.SZ,深,海信家电,51.6,C-暂缓,0.0,12.5077,17.6666,21.38,12.69,10.71,否,无,5.86,15.54,12.86,6.99,1.55,21.31,5.38,23.15,6.78,69.25,2.252,28.99,0.797,0.54,-5.19,-7.65,5796029181
169,600131,600131.SH,沪,国网信通,51.4,C-暂缓,0.0,29.595,29.6225,36.18,8.68,2.12,否,无,11.75,-5.61,31.8,2.96,50.81,17.16,6.34,9.1,4.37,52.99,1.1272,54.91,2.1893,-0.12,45.28,-1.15,1947866764
170,600621,600621.SH,沪,华鑫股份,51.4,C-暂缓,0.0,20.696,21.8804,33.94,7.68,-1.7,否,无,2.02,21.63,39.77,nan,nan,58.11,24.5,7.21,1.28,83.4,5.0241,100.0,6.7211,0.0,14.12,73.61,4370068168
171,603279,603279.SH,沪,景津装备,51.2,C-暂缓,0.0,15.0622,15.2523,42.61,11.81,0.23,否,无,0.79,-14.54,2.37,0.95,-1.32,22.17,8.95,11.59,6.01,47.83,0.9168,98.01,1.8313,-0.02,-5.09,-38.63,1097299246
172,600026,600026.SH,沪,中远海能,51.1,C-暂缓,6.0,19.4672,22.8661,27.94,7.84,11.02,否,股数膨胀>2%,8.59,35.33,20.62,0.4,-8.53,26.13,18.51,9.92,5.09,46.09,0.8549,4.88,0.8318,4.63,2.79,0.87,7389147370
173,603379,603379.SH,沪,三美股份,50.9,C-暂缓,27.0,17.3159,17.4892,29.53,16.54,55.96,否,增速异常；利润增速显著快于营收；FCF/NI<70%,7.03,61.47,50.91,14.51,-0.02,50.6,34.95,27.69,24.1,16.51,0.1977,52524.57,0.3942,0.0,44.81,163.82,2160886171
174,300674,300674.SZ,创,宇信科技,50.8,C-暂缓,0.0,26.564,27.9884,45.93,3.97,-0.68,否,无,-5.44,20.05,52.54,-23.96,-11.95,32.1,12.09,9.83,6.93,32.55,0.4826,160.76,0.8565,-0.33,-8.46,13.94,621367006
175,000920,000920.SZ,深,沃顿科技,50.4,C-暂缓,8.0,23.7563,24.1826,30.72,10.01,13.93,否,应收增速>营收,11.41,14.21,2.03,34.79,-4.5,37.42,11.44,10.92,8.06,26.2,0.355,100.0,1.1365,0.0,15.89,12.91,299289753
176,002283,002283.SZ,深,天润工业,50.4,C-暂缓,0.0,24.257,26.5972,33.31,-1.67,-6.57,否,无,9.08,21.29,15.87,7.58,5.92,22.79,8.87,5.92,4.38,26.46,0.3598,174.66,1.6433,0.0,12.55,9.22,905595115
177,002158,002158.SZ,深,汉钟精机,50.3,C-暂缓,0.0,29.8123,32.82,35.4,5.19,5.2,否,无,-3.59,-10.08,16.0,0.05,-8.44,34.11,16.05,10.87,7.65,29.65,0.4215,32.41,1.569,0.0,-20.35,-45.66,778511255
178,600007,600007.SH,沪,中国国贸,50.3,C-暂缓,10.0,15.661,15.7424,18.35,4.01,7.81,否,经营现金流3Y为负,3.08,2.51,-4.78,-17.7,-4.74,57.72,31.91,12.4,10.12,14.85,0.1744,68.99,1.246,0.0,-3.63,-4.79,1575080047
179,601888,601888.SH,沪,中国中免,50.0,C-暂缓,0.0,26.5458,26.9771,47.61,0.41,-12.84,否,无,-0.45,-15.83,nan,-21.65,-18.17,32.75,6.87,6.04,4.88,18.48,0.2267,25.75,1.3115,0.0,-4.92,-24.12,6058560224
180,002223,002223.SZ,深,鱼跃医疗,49.6,C-暂缓,10.0,22.7587,25.128,45.0,3.41,-3.31,否,经营现金流3Y为负,3.85,-1.91,-13.29,3.12,-0.68,50.6,18.66,11.41,9.35,16.97,0.2044,240.32,0.9769,0.0,5.14,-17.74,1502921716
181,688050,688050.SH,科,爱博医疗,49.5,C-暂缓,14.0,29.5609,30.3994,51.71,40.27,20.14,否,应收增速>营收；股数膨胀>2%,36.77,1.92,13.85,65.64,58.38,63.49,16.23,8.59,6.52,23.6,0.3089,13.45,1.0226,22.51,5.15,-37.85,369147117
182,603043,603043.SH,沪,广州酒家,49.4,C-暂缓,10.0,15.6376,16.7132,28.5,10.36,2.13,否,经营现金流3Y为负,9.38,-1.08,-3.64,-12.08,-2.67,31.6,9.58,12.37,7.65,39.75,0.6598,18.76,0.883,0.02,5.04,-0.62,745577734
183,300841,300841.SZ,创,康华生物,49.2,C-暂缓,0.0,29.7818,31.3044,40.08,2.32,-11.63,否,无,-6.96,-28.36,24.88,-1.62,-2.87,92.03,18.88,6.3,5.47,11.78,0.1335,69.35,1.4052,-1.18,-18.64,-44.84,379710285
184,000719,000719.SZ,深,中原传媒,49.1,C-暂缓,0.0,8.9551,9.1751,17.41,-0.5,8.45,否,无,-0.97,10.49,9.25,-3.45,-9.79,42.28,14.98,11.72,7.51,35.42,0.5485,12301.13,1.148,0.0,-5.12,34.5,2085222522
185,601965,601965.SH,沪,中国汽研,49.1,C-暂缓,16.0,13.4817,14.2774,31.55,7.76,14.09,否,应收增速>营收；FCF/NI<70%,14.71,15.76,15.35,37.65,10.0,45.88,22.75,13.19,9.35,31.34,0.4565,52.3,0.2262,-0.06,5.75,16.78,1227200784
186,002029,002029.SZ,深,七匹狼,48.9,C-暂缓,0.0,26.4797,48.7404,41.08,-2.04,7.67,否,无,-2.38,20.83,17.69,-0.89,-5.39,54.42,11.33,5.03,3.26,31.95,0.4695,12.38,0.8182,-2.29,-4.35,4.98,394017095
187,605319,605319.SH,沪,无锡振华,48.9,C-暂缓,14.0,18.0096,18.0323,37.21,15.89,34.57,否,FCF/NI<70%；股数膨胀>2%,19.25,79.14,nan,23.66,0.49,28.42,15.71,17.85,8.69,52.62,1.1106,19.64,0.3925,20.52,17.03,23.11,567913764
188,603733,603733.SH,沪,仙鹤股份,48.7,C-暂缓,8.0,17.1684,19.1057,27.66,20.58,7.22,否,FCF/NI<70%,16.84,12.54,122.39,11.28,23.89,13.71,8.25,12.02,4.23,64.58,1.8233,4.45,-1.0496,0.08,20.14,0.58,789205085
189,000400,000400.SZ,深,许继电气,48.6,C-暂缓,0.0,23.2556,24.3331,37.46,6.02,10.32,否,无,0.17,10.61,15.54,3.31,7.18,23.36,8.75,10.18,5.09,49.03,0.9619,121.21,1.8473,0.34,-12.27,1.52,2670382575
190,002249,002249.SZ,深,大洋电机,48.6,C-暂缓,7.0,15.8958,18.1356,47.43,9.46,70.85,否,利润增速显著快于营收,3.79,39.61,11.81,3.31,-11.65,22.34,9.46,11.85,6.31,46.18,0.858,57.32,1.1065,1.13,0.89,26.75,1993209708
191,688819,688819.SH,科,天能股份,48.5,C-暂缓,0.0,16.9899,23.4527,41.83,5.46,-6.92,否,无,3.02,-4.14,54.32,10.16,-0.53,14.35,3.54,9.64,3.65,60.99,1.5634,12.7,3.0772,0.0,1.67,1.91,6263505235
192,002236,002236.SZ,深,大华股份,48.2,C-暂缓,6.0,13.9876,18.3008,26.64,4.35,-0.27,否,股数膨胀>2%,2.32,19.73,54.79,0.13,-5.93,40.62,11.86,10.26,7.37,26.8,0.3661,186.65,0.8344,2.71,1.75,32.99,3907798165
193,601311,601311.SH,沪,骆驼股份,48.0,C-暂缓,8.0,15.3648,20.8119,35.49,11.08,3.3,否,FCF/NI<70%,6.69,23.02,49.95,5.22,9.29,15.05,5.21,8.51,5.54,34.71,0.5316,20.69,0.6956,0.0,4.56,34.09,828815455
194,601890,601890.SH,沪,亚星锚链,47.5,C-暂缓,16.0,23.345,35.3587,40.64,13.61,29.74,否,应收增速>营收；FCF/NI<70%,11.45,29.19,12.61,21.98,0.36,31.63,15.61,8.38,5.84,32.51,0.4817,18.29,0.2756,0.0,5.56,13.52,256644841
195,000425,000425.SZ,深,徐工机械,47.4,C-暂缓,0.0,14.1999,14.2858,37.91,6.39,12.29,否,无,2.43,15.9,107.5,0.28,3.71,22.61,6.63,10.89,3.99,64.01,1.7785,6.74,1.5483,-0.18,10.0,11.74,14142346479
196,002284,002284.SZ,深,亚太股份,47.4,C-暂缓,19.0,12.3641,13.6189,50.0,13.93,95.29,否,增速异常；利润增速显著快于营收,14.35,92.47,49.56,18.1,8.89,20.83,8.76,15.57,6.28,60.84,1.5536,39.18,2.0612,0.06,31.61,129.65,1348698621
197,601021,601021.SH,沪,春秋航空,47.3,C-暂缓,8.0,16.2577,16.4791,27.93,18.02,nan,否,FCF/NI<70%,36.87,nan,147.17,3.99,29.71,13.59,10.8,13.04,5.11,61.25,1.5806,6.81,0.1259,-0.01,7.3,1.96,6623358345
198,002550,002550.SZ,深,千红制药,47.1,C-暂缓,8.0,29.3389,37.9758,43.78,-1.18,nan,否,FCF/NI<70%,-11.97,5.28,nan,-23.06,-11.45,58.36,23.75,14.13,12.61,10.43,0.1164,959.83,0.589,0.0,2.95,12.03,361361453
199,301606,301606.SZ,创,绿联科技,47.1,C-暂缓,16.0,26.5042,27.2827,45.6,28.23,18.11,否,应收增速>营收；FCF/NI<70%,35.21,28.7,nan,76.96,39.35,37.01,7.41,22.22,15.94,30.86,0.4463,128.45,-0.1172,0.0,53.83,52.76,-35327162
200,603132,603132.SH,沪,金徽股份,47.1,C-暂缓,8.0,26.5384,26.9609,20.65,8.96,8.34,否,FCF/NI<70%,11.62,4.8,11.93,-44.38,-21.92,64.96,31.38,15.61,7.08,60.56,1.5355,5.47,-0.7969,0.0,12.0,13.41,908829740
201,000923,000923.SZ,深,河钢资源,47.0,C-暂缓,8.0,21.3678,21.4241,43.7,-0.33,-12.39,否,FCF/NI<70%,4.94,-7.03,11.66,2.34,5.47,60.23,13.31,5.84,4.42,25.98,0.351,8077.21,-0.1786,0.0,4.61,8.84,1075093041
202,603556,603556.SH,沪,海兴电力,47.0,C-暂缓,18.0,19.0634,21.8533,40.5,11.19,8.65,否,经营现金流3Y为负；FCF/NI<70%,12.95,3.0,-7.86,12.1,13.19,38.33,15.21,9.98,7.47,25.54,0.343,60.31,0.3981,-0.17,1.09,-27.63,528305915
203,600529,600529.SH,沪,山东药玻,46.9,C-暂缓,8.0,18.6392,19.4802,21.23,5.48,4.09,否,FCF/NI<70%,2.23,3.71,31.72,0.95,11.91,33.31,15.41,8.46,6.83,17.42,0.2109,1591.79,0.505,0.0,-12.71,-26.87,576924963
204,002461,002461.SZ,深,珠江啤酒,46.8,C-暂缓,8.0,20.2711,22.0929,22.42,6.7,9.43,否,FCF/NI<70%,6.05,14.92,23.75,12.73,-32.2,48.33,15.64,8.48,5.75,30.87,0.4465,34.18,0.2485,0.0,2.56,10.62,1121407425
205,300415,300415.SZ,创,伊之密,46.6,C-暂缓,16.0,13.0424,13.234,33.53,17.35,17.29,否,应收增速>营收；FCF/NI<70%,18.01,19.0,8.72,32.89,14.69,31.71,11.75,22.63,9.27,60.29,1.5183,17.94,0.0595,-0.01,19.46,13.14,447040437
206,300457,300457.SZ,创,赢合科技,46.5,C-暂缓,0.0,20.8322,21.3401,49.48,31.69,32.4,否,无,1.55,15.29,34.22,4.73,8.92,24.37,8.29,11.15,4.58,63.59,1.7465,73.36,0.7952,-0.22,10.81,-25.46,795033778
207,600377,600377.SH,沪,宁沪高速,46.5,C-暂缓,8.0,12.6449,12.9512,20.27,20.36,13.87,否,FCF/NI<70%,15.24,8.76,6.95,23.02,-10.13,30.07,23.76,9.21,5.18,42.96,0.7532,8.26,-0.1726,0.0,-12.54,-6.75,6761638748
208,300435,300435.SZ,创,中泰股份,46.4,C-暂缓,12.0,14.7577,15.6334,53.23,6.82,18.57,否,增速异常,-5.47,17.81,19.27,1.9,11.2,29.7,16.47,13.87,9.86,24.95,0.3324,191.51,0.988,0.44,1.26,650.96,489002315
209,002244,002244.SZ,深,滨江集团,46.2,C-暂缓,8.0,14.6068,14.9567,28.44,23.72,0.52,否,FCF/NI<70%,25.93,-2.3,nan,1.7,-15.13,13.22,4.39,7.23,1.56,76.41,3.2391,10.94,-1.1782,0.0,19.86,-3.98,-4290949914
210,688612,688612.SH,科,威迈斯,46.1,C-暂缓,7.0,24.2756,26.452,21.49,57.36,151.91,否,利润增速显著快于营收,18.28,23.92,105.1,11.7,2.77,20.94,8.82,16.21,7.06,55.49,1.2467,96.75,0.731,-0.21,-0.48,35.78,831253304
211,300059,300059.SZ,创,东方财富,46.0,C-暂缓,14.0,20.519,21.1764,35.59,14.29,20.39,否,FCF/NI<70%；股数膨胀>2%,8.77,12.4,nan,-4.22,nan,84.48,75.21,14.0,3.46,76.62,3.2772,233.74,-0.8588,6.15,38.46,25.75,-10222245645
212,300957,300957.SZ,创,贝泰妮,46.0,C-暂缓,8.0,24.6982,35.6918,38.84,15.24,-1.01,否,应收增速>营收,2.24,-21.05,8.27,27.44,-7.64,74.46,9.64,8.27,6.21,24.42,0.3231,34.09,0.9557,0.0,-6.58,4.45,976595740
213,688076,688076.SH,科,ST诺泰,46.0,C-暂缓,14.0,27.9972,25.5249,46.26,27.93,22.08,否,FCF/NI<70%；股数膨胀>2%,43.95,38.39,185.44,26.82,38.51,62.64,16.75,11.46,5.51,55.47,1.2457,6.35,-2.1035,14.03,19.57,-18.61,681242899
214,002458,002458.SZ,深,益生股份,45.9,C-暂缓,6.0,27.2534,26.9113,26.59,11.01,10.84,否,股数膨胀>2%,11.82,nan,83.84,6.74,2.51,17.76,5.48,3.65,2.27,35.68,0.5547,4.25,1.5511,3.67,-5.85,-67.78,561931037
215,603218,603218.SH,沪,日月股份,45.9,C-暂缓,8.0,19.1857,20.1787,43.59,4.13,-11.28,否,FCF/NI<70%,8.74,16.07,60.41,-8.19,16.93,16.93,8.6,5.24,3.95,23.77,0.3118,40.39,0.659,0.15,33.21,-12.6,752752446
216,603369,603369.SH,沪,今世缘,45.9,C-暂缓,18.0,14.1546,14.0958,38.84,14.73,10.69,否,经营现金流3Y为负；FCF/NI<70%,8.88,1.33,-18.44,11.52,21.33,74.25,25.57,16.26,10.39,36.05,0.5637,368.11,-0.1242,-0.21,-11.81,-23.69,1508158610
217,301031,301031.SZ,创,中熔电气,45.8,C-暂缓,26.0,29.5947,30.1518,50.37,57.21,48.66,否,增速异常；FCF/NI<70%；股数膨胀>2%,42.26,37.77,125.14,43.02,8.26,40.58,18.51,29.26,14.99,49.18,0.9677,37.7,0.5592,14.05,52.89,115.13,432840843
218,600531,600531.SH,沪,豫光金铅,45.8,C-暂缓,14.0,18.5492,20.912,43.93,19.61,22.48,否,FCF/NI<70%；股数膨胀>2%,22.27,26.53,27.28,18.35,28.74,5.13,1.74,14.27,4.17,72.31,2.6114,4.32,0.1218,3.51,25.95,6.49,510154447
219,300014,300014.SZ,创,亿纬锂能,45.7,C-暂缓,8.0,20.796,27.6178,40.93,49.75,20.67,否,FCF/NI<70%,19.19,5.42,37.85,16.45,-1.37,16.17,7.0,10.01,3.8,64.18,1.7917,7.04,-0.6789,0.53,26.44,1.91,7492131667
220,601702,601702.SH,沪,华峰铝业,45.7,C-暂缓,18.0,13.4561,13.7667,42.85,25.15,36.95,否,经营现金流3Y为负；FCF/NI<70%,13.48,21.76,-21.1,13.65,17.32,13.71,9.63,20.09,13.38,33.72,0.5088,41.67,-0.2563,0.0,14.79,-1.32,160380478
221,000899,000899.SZ,深,赣能股份,45.6,C-暂缓,8.0,11.8627,11.9687,38.33,22.54,27.44,否,FCF/NI<70%,21.32,350.41,342.99,27.4,8.44,21.58,14.36,15.78,5.43,65.33,1.8843,6.68,-1.6789,0.0,6.9,49.96,2181535234
222,601689,601689.SH,沪,拓普集团,45.6,C-暂缓,14.0,29.4855,31.3902,45.99,35.35,34.59,否,FCF/NI<70%；股数膨胀>2%,22.75,17.88,25.2,19.0,13.15,19.43,9.41,12.73,6.83,45.07,0.8205,20.48,0.3943,16.4,11.21,-7.36,4482090128
223,600961,600961.SH,沪,株冶集团,45.4,C-暂缓,13.0,12.2517,10.8267,23.17,8.54,40.08,否,利润增速显著快于营收；股数膨胀>2%,12.37,121.18,42.5,-19.96,31.5,11.65,5.06,24.11,12.08,48.94,0.9585,44.73,1.4653,26.7,12.59,40.35,1840260773
224,002895,002895.SZ,深,川恒股份,45.3,C-暂缓,21.0,15.897,15.9083,26.77,36.19,56.29,否,利润增速显著快于营收；FCF/NI<70%；股数膨胀>2%,34.18,19.19,5.69,32.31,7.98,30.26,16.03,16.68,10.02,36.04,0.5635,21.8,0.2119,6.59,41.02,39.38,641898324
225,000596,000596.SZ,深,古井贡酒,45.1,C-暂缓,18.0,16.9551,17.2616,48.79,12.84,14.52,否,经营现金流3Y为负；FCF/NI<70%,4.06,3.84,-14.43,-4.85,21.03,79.26,19.33,14.06,9.25,31.66,0.4633,430.18,0.0782,0.0,-20.13,-36.21,1947212977
226,300529,300529.SZ,创,健帆生物,45.1,C-暂缓,10.0,23.9703,25.4072,36.91,0.62,-9.44,否,经营现金流3Y为负,-6.88,-15.49,-6.55,-49.09,-5.81,78.7,26.43,15.62,9.85,35.82,0.5581,13.07,1.0373,-0.38,-24.86,-34.7,721216443
227,301039,301039.SZ,创,中集车辆,45.1,C-暂缓,0.0,16.9593,17.7261,25.42,-5.3,-6.1,否,无,-5.12,-5.94,10.94,1.94,-6.69,15.89,4.59,6.14,4.07,33.32,0.4997,64.94,1.2778,-2.43,-3.91,-14.29,1575773632
228,002475,002475.SZ,深,立讯精密,45.0,C-暂缓,8.0,24.563,29.0923,33.17,29.15,19.39,否,FCF/NI<70%,15.8,20.09,10.83,22.98,4.25,11.91,5.47,19.26,6.85,66.07,1.9472,11.51,-0.0179,0.79,23.64,24.63,17325329534
229,003006,003006.SZ,深,百亚股份,44.5,C-暂缓,18.0,29.3757,31.9285,58.15,22.8,2.7,否,经营现金流3Y为负；FCF/NI<70%,29.39,3.63,-5.14,21.34,9.59,54.3,5.95,14.43,9.82,31.28,0.4552,110.86,0.3137,-0.05,7.32,-27.7,199356428
230,002152,002152.SZ,深,广电运通,44.4,C-暂缓,10.0,28.1342,30.4186,36.41,13.46,5.48,否,经营现金流3Y为负,17.0,0.3,-0.73,16.9,6.88,28.52,9.2,7.22,3.84,48.08,0.926,17.19,1.2302,0.0,10.94,-4.17,1700462988
231,600754,600754.SH,沪,锦江酒店,44.3,C-暂缓,7.0,19.6781,18.8589,35.6,6.89,32.76,否,利润增速显著快于营收,7.86,59.22,13.84,-8.83,-13.2,38.38,7.16,6.19,2.15,64.55,1.8209,4.65,2.0102,-0.12,-1.79,-13.54,3301352168
232,600499,600499.SH,沪,科达制造,44.1,C-暂缓,16.0,17.6109,18.8595,31.57,18.67,38.24,否,应收增速>营收；FCF/NI<70%,15.94,-25.32,22.18,26.25,19.41,27.9,12.46,14.6,7.7,45.93,0.8495,10.7,0.182,-0.53,38.01,68.17,1819109800
233,002568,002568.SZ,深,百润股份,44.0,C-暂缓,10.0,25.9967,26.9569,38.22,8.85,3.55,否,经营现金流3Y为负,4.31,6.97,-0.86,-10.61,36.97,69.18,21.66,13.2,7.63,42.27,0.7322,12.61,0.7005,-0.05,-3.43,-11.01,880264008
234,600398,600398.SH,沪,海澜之家,44.0,C-暂缓,6.0,12.9978,13.2323,20.59,3.79,4.42,否,股数膨胀>2%,5.22,1.12,12.63,7.25,4.59,44.87,9.86,11.89,6.32,45.49,0.8345,42.61,1.9013,3.6,3.19,-2.6,4482481475
235,688799,688799.SH,科,华纳药厂,44.0,C-暂缓,14.0,26.048,46.7994,34.73,9.61,9.48,否,FCF/NI<70%；股数膨胀>2%,5.18,9.57,24.48,10.42,4.98,60.29,15.16,11.8,8.27,33.11,0.495,370.1,-0.9647,11.87,6.46,64.38,300200511
236,000968,000968.SZ,深,蓝焰控股,43.9,C-暂缓,0.0,23.2826,27.117,41.13,7.93,27.22,否,无,-5.52,-15.8,9.51,-8.58,-1.97,31.41,15.53,5.37,2.92,43.4,0.7668,4.89,1.3813,0.0,-6.87,-24.51,1214784112
237,002444,002444.SZ,深,巨星科技,43.8,C-暂缓,16.0,13.699,14.8306,24.94,11.41,13.47,否,应收增速>营收；FCF/NI<70%,5.16,21.12,12.28,16.92,4.65,32.72,17.5,14.37,10.99,18.97,0.2341,89.81,0.533,-0.22,-0.87,8.5,2309961219
238,002939,002939.SZ,深,长城证券,43.8,C-暂缓,0.0,13.5157,13.4878,43.64,-5.43,8.98,否,无,18.45,37.06,nan,-17.84,nan,,45.28,7.48,1.82,76.02,3.1701,,3.1595,0.0,29.24,47.63,7543447077
239,000950,000950.SZ,深,重药控股,43.7,C-暂缓,0.0,21.7164,23.3481,26.05,12.76,-14.6,否,无,6.72,-23.47,38.21,8.18,8.49,7.21,0.63,3.16,0.78,75.01,3.0016,1.81,0.875,-0.29,2.34,29.75,754670089
240,002668,002668.SZ,深,TCL智家,43.6,C-暂缓,14.0,10.0637,10.2658,20.67,17.3,nan,否,ROE>40%；应收增速>营收,33.19,32.47,103.91,41.22,19.38,25.23,11.52,50.84,13.99,68.91,2.2165,69.44,0.8227,0.0,0.93,10.01,2545097540
241,000612,000612.SZ,深,焦作万方,43.4,C-暂缓,12.0,9.3414,9.3001,28.65,6.48,13.53,否,增速异常,-0.91,52.32,16.99,-12.82,3.43,22.43,16.49,15.96,12.76,17.59,0.2134,83.78,0.8878,0.0,0.46,81.95,1005955556
242,000791,000791.SZ,深,甘肃能源,43.4,C-暂缓,14.0,11.3031,11.3816,34.01,31.97,41.97,否,FCF/NI<70%；股数膨胀>2%,64.23,104.85,58.79,22.51,206.21,41.65,32.92,16.91,7.94,52.35,1.0986,8.31,0.4748,33.62,4.26,30.11,5151701178
243,000828,000828.SZ,深,东莞控股,43.4,C-暂缓,0.0,11.7228,11.6181,24.62,4.32,-2.65,否,无,-27.69,-1.11,nan,-25.59,nan,67.96,51.64,7.92,4.84,34.72,0.5319,15.68,1.1878,0.0,-8.28,-13.98,2319560004
244,603317,603317.SH,沪,天味食品,43.4,C-暂缓,14.0,19.1579,20.6499,22.31,7.84,10.6,否,应收增速>营收；股数膨胀>2%,8.62,20.96,2.5,82.28,13.05,40.67,17.48,12.75,10.59,16.7,0.2005,3226.31,0.8005,11.74,-0.79,-6.51,588213192
245,002085,002085.SZ,深,万丰奥威,43.2,C-暂缓,0.0,22.7401,25.5437,47.91,8.36,8.32,否,无,-0.81,3.41,3.12,1.61,-1.49,16.96,7.14,11.5,6.28,44.76,0.8103,8.17,0.8346,-0.29,-1.7,35.75,1463761443
246,600061,600061.SH,沪,国投资本,43.2,C-暂缓,0.0,11.8756,11.603,28.65,-0.85,-5.07,否,无,-7.54,1.5,10.84,-3.77,nan,59.35,26.78,5.89,1.15,81.01,4.2659,11.71,3.9937,-0.16,-10.05,13.42,14885318420
247,002096,002096.SZ,深,易普力,43.1,C-暂缓,21.0,15.562,17.2761,39.58,37.52,101.02,否,利润增速显著快于营收；FCF/NI<70%；股数膨胀>2%,62.19,148.69,28.32,51.27,9.96,24.77,8.67,10.46,7.34,30.27,0.4341,71.6,0.68,49.49,15.05,11.77,799585503
248,603816,603816.SH,沪,顾家家居,43.0,C-暂缓,8.0,13.0067,14.5508,33.95,9.63,16.59,否,应收增速>营收,3.65,0.35,4.81,21.77,6.39,32.76,9.31,17.8,10.22,42.75,0.7467,75.25,1.1499,-0.02,8.53,28.98,2774216163
249,002128,002128.SZ,深,电投能源,42.8,C-暂缓,14.0,14.4665,14.9158,22.69,8.45,20.48,否,FCF/NI<70%；股数膨胀>2%,3.97,11.53,2.68,8.0,-8.27,36.83,21.68,15.89,12.08,22.75,0.2945,57.66,0.2234,5.27,0.86,11.22,9207479881
250,301015,301015.SZ,创,百洋医药,42.5,C-暂缓,0.0,26.4647,32.9201,20.14,5.01,15.59,否,无,-0.01,5.62,45.12,-10.46,11.27,37.47,7.62,21.39,7.51,66.2,1.9586,7.87,1.1294,0.03,-7.26,-25.44,934453605
251,600380,600380.SH,沪,健康元,42.4,C-暂缓,10.0,13.7481,14.0203,30.47,2.39,2.13,否,经营现金流3Y为负,-3.9,-0.34,-0.72,-4.28,-4.75,62.44,18.83,12.0,8.06,31.19,0.4533,34.28,1.1099,-1.75,-2.58,-3.95,3891842484
252,688117,688117.SH,科,圣诺生物,42.4,C-暂缓,26.0,27.8337,27.0978,46.24,14.38,21.35,否,增速异常；FCF/NI<70%；股数膨胀>2%,23.28,34.78,23.12,13.55,35.4,57.65,21.29,15.98,8.81,45.33,0.8292,11.7,0.2076,25.3,62.57,216.82,178445997
253,000603,000603.SZ,深,盛达资源,42.1,C-暂缓,16.0,29.6331,29.6582,50.25,8.49,8.6,否,应收增速>营收；FCF/NI<70%,9.41,7.32,20.7,48.12,11.52,57.61,25.37,16.61,9.1,44.47,0.8008,10.49,0.2706,0.0,22.26,31.63,868179630
254,002736,002736.SZ,深,国信证券,42.0,C-暂缓,6.0,9.2707,9.29,39.46,5.15,10.84,否,股数膨胀>2%,15.0,22.09,nan,-17.88,nan,,45.87,8.85,2.05,77.18,3.3821,,1.5111,2.14,19.72,34.77,17073211193
255,601066,601066.SH,沪,中信建投,41.9,C-暂缓,0.0,15.2912,15.0636,21.08,-0.02,-0.17,否,无,-5.42,7.94,27.58,-3.24,nan,,40.54,8.38,1.52,82.4,4.6818,,8.7288,0.0,10.38,30.66,83051673234
256,603393,603393.SH,沪,新天然气,41.9,C-暂缓,8.0,18.0943,17.6541,44.61,13.18,-0.92,否,FCF/NI<70%,4.72,-28.74,10.51,5.54,23.63,41.95,14.65,5.3,2.87,48.37,0.9369,4.81,-2.1343,0.0,3.89,-52.28,2479366852
257,688513,688513.SH,科,苑东生物,41.9,C-暂缓,14.0,29.0103,40.6449,43.39,7.63,8.96,否,FCF/NI<70%；股数膨胀>2%,4.39,3.53,20.36,9.8,17.53,75.25,20.55,9.54,7.6,19.98,0.2497,115.03,0.6545,13.7,-1.36,14.83,264941204
258,002056,002056.SZ,深,横店东磁,41.7,C-暂缓,8.0,19.6812,23.3272,36.17,22.75,15.79,否,应收增速>营收,5.11,8.2,4.12,15.94,42.35,17.82,9.36,19.82,8.18,59.68,1.4802,42.89,0.8854,0.0,21.7,15.59,3258111466
259,603235,603235.SH,沪,天新药业,41.7,C-暂缓,8.0,19.2786,20.9323,23.72,0.36,-7.78,否,FCF/NI<70%,0.58,-1.66,1.23,4.26,6.59,42.31,25.23,12.41,10.03,20.57,0.259,82.78,0.0833,0.0,6.18,-9.16,629362498
260,002637,002637.SZ,深,赞宇科技,41.5,C-暂缓,0.0,27.004,25.9686,32.81,10.97,-14.65,否,无,5.34,nan,50.59,5.5,6.2,7.17,1.24,4.31,1.98,55.89,1.2671,3.9,2.9694,0.0,21.7,29.97,934620469
261,603588,603588.SH,沪,高能环境,41.5,C-暂缓,12.0,15.5188,16.0657,33.19,16.63,10.3,否,增速异常,18.86,11.77,nan,12.33,31.49,18.96,7.06,10.11,3.83,60.41,1.5259,3.51,0.879,-0.05,1.6,91.59,1173436583
262,920186,920186.BJ,北,中科仪,41.5,C-暂缓,33.0,16.4475,124.3886,42.2,30.26,89.61,否,增速异常；利润增速显著快于营收；ROE>40%；FCF/NI<70%,22.75,19.22,6.03,21.82,22.74,26.78,65.35,40.8,25.28,34.17,0.5191,164.85,0.1205,0.0,19.3,337.77,191870232
263,605333,605333.SH,沪,沪光股份,41.4,C-暂缓,14.0,19.488,20.5265,55.94,40.86,45.33,否,FCF/NI<70%；股数膨胀>2%,37.33,127.13,nan,36.27,1.42,14.35,5.67,16.96,5.98,61.75,1.6144,10.48,0.0167,2.04,7.29,-28.21,362488650
264,002140,002140.SZ,深,东华科技,41.2,C-暂缓,8.0,11.6059,14.7171,41.43,13.98,20.78,否,FCF/NI<70%,17.16,19.95,5.09,23.82,3.68,11.24,5.19,10.05,3.24,66.48,1.9833,18.36,-0.3988,-0.03,13.12,31.11,508096468
265,002438,002438.SZ,深,江苏神通,41.2,C-暂缓,8.0,24.6163,25.268,31.67,6.07,5.59,否,应收增速>营收,2.89,7.61,19.42,12.44,1.97,35.21,13.32,7.84,4.61,40.17,0.6714,13.85,1.1045,0.0,-0.65,-3.6,420380301
266,600299,600299.SH,沪,安迪苏,41.2,C-暂缓,14.0,26.272,24.7394,48.48,7.67,-4.77,否,FCF/NI<70%；股数膨胀>2%,5.85,-2.55,24.43,-0.08,0.19,28.31,6.71,6.52,4.62,28.42,0.397,28.32,-0.3201,4.72,10.92,-4.05,3330708477
267,600763,600763.SH,沪,通策医疗,41.2,C-暂缓,14.0,24.7507,31.3934,32.27,6.89,1.54,否,应收增速>营收；股数膨胀>2%,2.33,-1.51,6.56,17.28,-4.78,38.63,20.19,13.18,9.59,24.38,0.3224,20.62,0.9633,11.74,1.37,2.82,810718627
268,603166,603166.SH,沪,福达股份,41.1,C-暂缓,8.0,21.6873,23.9619,49.42,2.35,9.56,否,FCF/NI<70%,20.55,69.0,3.89,7.73,11.71,27.87,15.93,12.54,7.21,43.36,0.7655,22.69,-0.1667,-0.03,20.66,70.87,418922848
269,002850,002850.SZ,深,科达利,41.0,C-暂缓,14.0,27.1633,27.282,22.69,50.28,58.08,否,FCF/NI<70%；股数膨胀>2%,20.69,24.24,63.16,18.27,-7.3,23.72,11.51,13.95,8.32,41.75,0.7167,14.85,0.6628,5.46,26.46,19.26,1901275095
270,600817,600817.SH,沪,宇通重工,41.0,C-暂缓,8.0,17.2742,23.6496,27.01,0.02,-0.82,否,FCF/NI<70%,-0.92,-7.64,nan,-7.84,-7.17,24.71,9.44,12.46,7.48,34.98,0.538,619.77,-0.0811,-0.79,-8.2,29.26,3269667
271,601882,601882.SH,沪,海天精工,41.0,C-暂缓,8.0,23.769,28.548,20.24,15.59,25.47,否,应收增速>营收,1.96,-6.19,39.57,21.4,-1.37,25.7,12.76,15.2,8.52,44.91,0.8152,193.03,0.8537,0.0,0.48,-17.82,592838066
272,002346,002346.SZ,深,柘中股份,40.9,C-暂缓,20.0,17.0012,83.3043,16.05,7.0,22.27,否,增速异常；FCF/NI<70%,5.32,-0.53,30.16,3.46,-25.16,25.83,50.19,14.72,10.5,30.14,0.4314,63.75,0.2686,0.0,-12.59,481.54,123139360
273,603049,603049.SH,沪,中策橡胶,40.8,C-暂缓,8.0,10.0987,10.2825,20.55,9.73,15.7,否,FCF/NI<70%,12.13,50.16,31.44,17.28,3.45,19.66,9.23,19.61,8.55,52.49,1.1048,13.8,-0.312,nan,14.52,9.51,1903845317
274,603456,603456.SH,沪,九洲药业,40.8,C-暂缓,14.0,24.7389,24.8335,25.39,15.78,13.91,否,应收增速>营收；股数膨胀>2%,0.39,-7.5,14.17,14.98,-11.19,36.85,13.23,8.37,6.71,17.09,0.2061,87.74,1.6052,2.16,6.74,20.01,1824246222
275,000551,000551.SZ,深,创元科技,40.7,C-暂缓,14.0,19.3611,21.2986,43.04,5.61,16.17,否,应收增速>营收；股数膨胀>2%,0.32,16.48,13.2,12.31,-4.49,26.49,10.2,11.2,6.81,37.34,0.5959,38.71,1.0199,6.26,0.69,13.3,621729020
276,002034,002034.SZ,深,旺能环境,40.7,C-暂缓,8.0,9.78,9.6577,42.61,13.82,7.35,否,应收增速>营收,-1.07,0.68,5.42,11.75,-26.18,41.78,22.88,10.51,5.21,47.55,0.9066,5.3,1.579,0.35,2.23,35.1,1764695259
277,002430,002430.SZ,深,杭氧股份,40.6,C-暂缓,8.0,22.9565,24.1562,33.26,8.52,3.28,否,FCF/NI<70%,5.61,-6.04,15.61,3.4,0.56,21.0,7.06,9.84,4.37,54.3,1.1882,9.64,0.5242,-0.21,9.96,7.4,2220370021
278,600079,600079.SH,沪,ST人福,40.6,C-暂缓,0.0,15.3432,16.3594,24.39,2.99,8.7,否,无,2.37,-6.72,1.05,7.67,-0.84,48.21,10.4,11.67,6.81,40.11,0.6697,12.18,0.7195,-0.01,-5.79,40.16,2518723812
279,002204,002204.SZ,深,大连重工,40.5,C-暂缓,15.0,16.2816,23.3243,37.68,13.71,64.09,否,利润增速显著快于营收；应收增速>营收,14.43,26.97,180.11,22.68,-1.03,18.38,3.76,7.69,2.19,71.04,2.453,20.77,1.1133,0.0,8.66,17.11,774491495
280,600352,600352.SH,沪,浙江龙盛,40.5,C-暂缓,0.0,20.7066,25.18,26.71,-3.13,-13.53,否,无,-14.4,-13.97,82.78,-8.15,-1.42,30.2,15.91,6.04,2.88,56.26,1.2862,7.48,2.7649,0.0,-16.18,-10.04,5836996154
281,600458,600458.SH,沪,时代新材,40.5,C-暂缓,6.0,19.751,22.4146,36.77,7.32,12.42,否,股数膨胀>2%,12.61,32.1,nan,12.6,12.29,14.64,2.69,7.42,2.55,64.67,1.8305,6.85,2.3421,5.07,7.06,33.17,2182146994
282,300100,300100.SZ,创,双林股份,40.4,C-暂缓,13.0,28.092,30.5197,60.15,8.92,42.53,否,利润增速显著快于营收；股数膨胀>2%,9.42,87.88,20.84,7.11,1.69,20.94,9.18,17.15,7.57,54.06,1.1768,27.73,0.81,12.46,11.67,1.13,781443725
283,603889,603889.SH,沪,新澳股份,40.3,C-暂缓,14.0,10.539,10.8593,42.77,17.32,26.24,否,FCF/NI<70%；股数膨胀>2%,8.55,8.12,4.0,9.93,10.01,19.96,10.22,13.58,8.55,36.54,0.5758,13.64,0.3328,12.58,4.37,14.17,419555049
284,002508,002508.SZ,深,老板电器,40.1,C-暂缓,10.0,12.5064,13.7875,28.09,4.47,-5.99,否,经营现金流3Y为负,-0.51,-7.36,-6.34,-3.85,-5.47,50.19,12.25,10.85,7.23,32.75,0.487,279.99,1.0879,-0.14,-9.78,-20.36,1597826677
285,300119,300119.SZ,创,瑞普生物,40.1,C-暂缓,18.0,21.2293,27.17,25.43,11.18,-0.23,否,经营现金流3Y为负；FCF/NI<70%,17.7,5.14,-8.59,9.83,11.01,41.28,12.78,8.53,5.56,32.28,0.4767,14.32,0.2801,-0.23,10.7,31.72,297533618
286,300416,300416.SZ,创,苏试试验,40.1,C-暂缓,14.0,27.7285,28.8791,35.98,13.66,14.69,否,应收增速>营收；股数膨胀>2%,7.58,-3.06,11.86,19.85,-2.34,41.76,12.63,9.26,5.6,40.68,0.6858,12.81,1.0436,9.53,10.97,4.58,655113502
287,300910,300910.SZ,创,瑞丰新材,40.0,C-暂缓,22.0,14.1382,15.5614,62.07,32.44,32.32,否,应收增速>营收；FCF/NI<70%；股数膨胀>2%,4.82,8.05,4.3,33.23,0.21,34.6,21.14,20.56,15.78,24.47,0.324,72.71,0.5785,25.42,11.11,2.43,746801855
288,688349,688349.SH,科,三一重能,40.0,C-暂缓,8.0,20.5997,30.5013,58.23,24.08,-12.26,否,FCF/NI<70%,30.48,-24.47,nan,32.88,48.15,9.7,2.6,5.11,1.64,68.84,2.2092,8.21,-3.0781,1.02,53.89,-60.69,-895531000
289,603194,603194.SH,沪,中力股份,39.8,C-暂缓,16.0,15.7108,16.2527,29.03,23.98,31.47,否,应收增速>营收；FCF/NI<70%,13.12,11.23,0.98,40.86,16.34,29.35,12.01,16.93,10.37,40.12,0.67,92.26,-0.0457,0.0,10.7,1.66,650881045
290,300770,300770.SZ,创,新媒股份,39.6,C-暂缓,18.0,11.9133,11.8902,34.67,5.9,2.79,否,应收增速>营收；经营现金流3Y为负,4.41,-1.52,-8.29,18.42,123.05,47.58,40.57,18.33,14.45,22.42,0.289,3031.91,1.0256,-0.47,3.0,0.29,775735582
291,002011,002011.SZ,深,盾安环境,39.5,C-暂缓,14.0,10.0482,10.8447,36.46,12.05,nan,否,应收增速>营收；股数膨胀>2%,8.72,8.51,4.27,18.8,3.46,18.48,8.19,17.55,8.74,45.82,0.8457,36.49,1.0217,5.42,2.81,2.66,1440192530
292,002372,002372.SZ,深,伟星新材,39.4,C-暂缓,10.0,15.3322,20.8696,34.91,1.06,-9.29,否,经营现金流3Y为负,-8.19,-17.57,-8.35,-0.75,-0.58,40.98,13.64,14.46,11.28,23.06,0.2997,736.01,1.2891,-0.0,-14.12,-23.51,1178385379
293,000728,000728.SZ,深,国元证券,39.3,C-暂缓,8.0,13.1983,13.0841,30.5,6.65,12.1,否,应收增速>营收,5.37,11.84,37.65,100.3,nan,,38.83,6.45,1.36,79.37,3.8473,,4.0533,0.0,-20.37,8.07,9994595349
294,600335,600335.SH,沪,国机汽车,39.3,C-暂缓,0.0,16.7799,20.4007,27.45,-4.21,11.58,否,无,-3.46,12.03,nan,-4.44,-11.65,8.14,1.22,3.77,1.21,68.11,2.1358,6.71,8.4635,0.88,-15.28,8.19,4954594875
295,300039,300039.SZ,创,上海凯宝,39.2,C-暂缓,10.0,22.3603,23.5208,21.19,4.89,21.24,否,经营现金流3Y为负,1.0,13.51,-15.05,-7.97,7.62,80.74,24.12,6.52,5.98,7.53,0.0814,2846.12,0.7346,0.0,-21.76,-25.85,230741218
296,002043,002043.SZ,深,兔宝宝,39.1,C-暂缓,16.0,16.0049,25.7458,27.67,6.56,9.9,否,经营现金流3Y为负；股数膨胀>2%,-0.13,15.46,-2.57,-33.69,-15.58,17.54,8.0,21.68,11.83,44.34,0.7966,270.51,1.1182,2.4,-3.33,19.42,863322974
297,600031,600031.SH,沪,三一重工,38.9,C-暂缓,6.0,20.5364,22.0745,22.6,-2.16,-11.75,否,股数膨胀>2%,3.53,24.44,69.54,0.69,4.5,27.54,9.46,10.45,5.22,48.39,0.9376,16.39,2.0889,2.68,14.44,39.31,19975261000
298,601949,601949.SH,沪,中国出版,38.9,C-暂缓,10.0,16.8413,24.525,37.0,-2.19,-3.7,否,经营现金流3Y为负,-4.59,-1.49,-12.01,-7.09,-4.13,34.83,12.18,5.96,4.01,31.82,0.4667,67.28,0.9614,1.47,-12.83,-3.55,802594711
299,600210,600210.SH,沪,紫江企业,38.8,C-暂缓,8.0,8.3488,10.9865,28.21,2.67,12.46,否,FCF/NI<70%,-0.01,16.66,16.15,-12.47,-8.13,23.21,11.14,15.78,8.12,47.41,0.9015,14.76,-0.0244,0.0,-9.71,26.61,1195616663
300,605020,605020.SH,沪,永和股份,38.8,C-暂缓,26.0,20.5623,19.9536,36.61,21.68,40.76,否,增速异常；FCF/NI<70%；股数膨胀>2%,11.03,23.25,15.45,13.89,9.54,25.13,10.8,13.07,7.45,27.66,0.3824,13.19,-0.0103,23.54,13.04,122.82,680016191
301,301291,301291.SZ,创,明阳电气,38.6,C-暂缓,18.0,23.8998,24.3084,48.43,32.93,26.99,否,经营现金流3Y为负；FCF/NI<70%,28.77,30.4,-30.69,30.9,17.36,21.14,8.51,12.12,6.27,46.66,0.8748,339.03,-0.401,0.0,7.22,-11.2,95831699
302,002797,002797.SZ,深,第一创业,38.5,C-暂缓,0.0,28.8489,28.6144,27.19,3.39,0.64,否,无,12.17,24.97,nan,-12.41,nan,,24.62,5.23,1.65,68.9,2.2154,,1.7199,0.0,4.37,-5.79,1741320167
303,603883,603883.SH,沪,老百姓,38.4,C-暂缓,6.0,25.3561,27.5485,34.1,9.75,-6.7,否,股数膨胀>2%,3.3,-17.89,10.74,0.47,-2.57,32.3,2.43,7.64,2.64,64.75,1.8369,6.7,5.3612,9.07,-0.54,-21.12,3142633749
304,002978,002978.SZ,深,安宁股份,38.3,C-暂缓,14.0,19.1778,18.9384,39.84,4.19,0.5,否,FCF/NI<70%；股数膨胀>2%,0.21,-13.11,8.52,-22.41,148.12,62.3,35.76,8.52,5.45,48.54,0.9433,21.05,-0.8082,5.58,8.17,-15.63,1185966855
305,603053,603053.SH,沪,成都燃气,38.3,C-暂缓,10.0,16.9912,17.3498,26.56,5.12,3.24,否,经营现金流3Y为负,3.43,-0.78,-3.23,3.4,-23.12,17.92,9.52,10.09,6.19,37.69,0.6049,614.37,1.0873,0.0,1.46,-1.82,648301770
306,000858,000858.SZ,深,五粮液,38.2,C-暂缓,8.0,21.9299,22.2233,46.01,-6.7,-14.93,否,应收增速>营收,-18.17,-30.68,6.73,1.89,7.88,77.54,22.99,7.21,4.93,35.69,0.555,333.67,2.9811,0.0,-54.55,-71.93,29706259919
307,301048,301048.SZ,创,金鹰重工,38.0,C-暂缓,0.0,23.5647,23.3609,41.6,4.28,2.2,否,无,-0.62,-11.52,nan,4.62,4.18,16.92,6.54,7.5,3.75,49.8,0.992,44.3,1.3274,0.0,3.44,9.01,286027318
308,002345,002345.SZ,深,潮宏基,37.9,C-暂缓,20.0,15.4957,14.9264,43.61,23.71,26.9,否,增速异常；FCF/NI<70%,28.25,31.99,nan,36.03,19.38,22.06,5.06,12.59,7.09,49.5,0.9802,17.23,-0.3239,0.0,42.96,178.73,-71420441
309,600548,600548.SH,沪,深高速,37.9,C-暂缓,6.0,17.5835,17.6806,24.54,2.91,-11.91,否,股数膨胀>2%,-0.39,-15.32,11.12,-0.88,-11.11,30.3,12.8,4.0,1.71,55.04,1.2242,2.83,1.135,5.18,0.2,-2.67,4623661085
310,600987,600987.SH,沪,航民股份,37.9,C-暂缓,8.0,9.1257,9.3757,27.15,15.43,4.58,否,应收增速>营收,3.86,4.22,5.86,18.84,29.15,15.77,7.86,11.56,7.78,34.04,0.5161,17.34,0.9741,-0.96,-6.5,1.61,1047948299
311,002487,002487.SZ,深,大金重工,37.8,C-暂缓,26.0,25.0543,26.3031,58.4,13.17,18.86,否,增速异常；FCF/NI<70%；股数膨胀>2%,6.53,34.81,121.97,-15.78,7.78,31.18,17.87,14.19,8.47,42.86,0.7501,37.64,-0.8688,4.7,63.34,132.82,1227072296
312,301219,301219.SZ,创,腾远钴业,37.8,C-暂缓,22.0,11.7685,12.0604,50.19,36.08,16.46,否,应收增速>营收；FCF/NI<70%；股数膨胀>2%,20.21,58.8,97.33,52.52,18.34,27.73,13.18,12.1,9.24,28.44,0.3974,110.19,0.1232,9.14,27.47,60.41,932992602
313,002379,002379.SZ,深,宏桥控股,37.7,C-暂缓,24.0,7.0645,15.536,45.48,131.3,nan,否,增速异常；ROE>40%；股数膨胀>2%,254.12,836.4,318.18,207.16,309.11,19.35,11.97,41.56,17.1,59.06,1.4426,16.8,0.9999,7.05,4395.43,27289.39,23994898583
314,601952,601952.SH,沪,苏垦农发,37.7,C-暂缓,0.0,24.3007,27.9205,24.71,3.16,-4.65,否,无,-7.51,-13.55,26.81,-17.28,-7.28,13.24,5.57,7.7,3.91,48.88,0.9562,3.76,3.1211,0.0,-7.75,-25.58,2259343856
315,603587,603587.SH,沪,地素时尚,37.7,C-暂缓,10.0,19.7594,22.328,16.98,-3.59,-16.19,否,经营现金流3Y为负,-3.81,-12.18,-0.75,-2.76,0.21,74.91,12.19,7.13,5.99,15.57,0.1844,38.09,1.7606,-0.49,-3.72,-14.2,485267398
316,002215,002215.SZ,深,诺普信,37.6,C-暂缓,15.0,12.0473,14.122,33.09,6.96,29.55,否,利润增速显著快于营收；FCF/NI<70%,10.68,24.9,103.62,-4.12,5.03,37.44,11.03,15.12,5.52,63.33,1.727,6.17,0.3818,0.34,9.35,13.62,1475458550
317,601089,601089.SH,沪,福元医药,37.6,C-暂缓,18.0,20.6266,22.0299,50.27,6.69,12.25,否,经营现金流3Y为负；FCF/NI<70%,2.65,2.38,-18.22,1.32,6.76,65.51,13.45,12.83,9.68,22.97,0.2982,323.69,-0.0757,0.0,1.71,-4.23,360854536
318,601811,601811.SH,沪,新华文轩,37.6,C-暂缓,10.0,9.3773,10.0772,29.59,5.43,5.28,否,经营现金流3Y为负,2.39,4.94,-9.34,-1.32,-3.95,35.6,13.7,10.49,6.94,33.24,0.4979,95.86,0.9012,0.0,-4.84,0.25,1508458892
319,000550,000550.SZ,深,江铃汽车,37.5,C-暂缓,0.0,11.3947,16.464,28.31,3.43,8.27,否,无,9.18,-1.71,nan,13.1,-1.87,13.58,2.09,7.45,2.54,66.22,1.9603,68.3,1.6727,0.0,2.07,-32.01,2411911290
320,300972,300972.SZ,创,万辰集团,37.5,C-暂缓,24.0,22.5492,24.3089,16.87,158.02,90.69,否,增速异常；ROE>40%；股数膨胀>2%,354.18,287.79,272.28,-3.43,186.67,12.4,4.71,120.83,28.02,74.61,2.9386,61.1,1.4769,7.16,59.17,301.8,3631481204
321,601991,601991.SH,沪,大唐发电,37.5,C-暂缓,0.0,13.6016,12.8469,40.42,4.87,13.52,否,无,1.25,nan,22.74,4.77,0.25,19.08,8.27,10.38,3.06,70.15,2.3501,3.92,0.9587,0.0,-1.8,46.15,37835693000
322,000650,000650.SZ,深,仁和药业,37.3,C-暂缓,10.0,20.3579,26.5514,23.5,-2.94,-5.81,否,经营现金流3Y为负,-11.79,-11.83,-12.48,-15.98,5.08,36.96,13.79,7.1,6.41,10.38,0.1158,7620.74,1.5935,0.0,-13.21,-13.93,851312000
323,601330,601330.SH,沪,绿色动力,37.3,C-暂缓,8.0,15.6475,15.7848,42.7,9.18,2.73,否,应收增速>营收,-8.2,-8.32,15.13,20.09,-1.89,46.67,17.11,7.03,2.75,60.45,1.5284,3.07,2.6216,0.88,3.97,0.63,1845911667
324,603993,603993.SH,沪,洛阳钼业,37.2,C-暂缓,23.0,14.3194,14.5978,35.3,12.84,57.51,否,利润增速显著快于营收；应收增速>营收；FCF/NI<70%,6.11,49.49,10.49,14.78,7.97,23.93,11.63,25.87,12.95,50.34,1.0137,13.74,0.5519,-0.32,-2.98,55.42,20843060709
325,601288,601288.SH,沪,农业银行,37.1,C-暂缓,0.0,8.0629,8.0644,21.89,1.97,6.18,否,无,0.02,4.12,16.92,nan,nan,,40.26,9.21,0.63,93.35,14.0376,,7.1729,0.0,2.08,3.3,2112907000000
326,002267,002267.SZ,深,陕天然气,36.9,C-暂缓,0.0,15.6191,15.8765,27.17,0.96,9.96,否,无,0.35,-1.36,4.82,-28.02,16.08,14.22,7.07,8.93,4.15,52.97,1.1263,8.04,0.9384,0.0,-4.85,-18.32,1296166010
327,002064,002064.SZ,深,华峰化学,36.8,C-暂缓,8.0,20.3224,20.4013,16.31,10.45,-3.86,否,应收增速>营收,-2.22,-13.0,13.33,7.41,9.59,13.19,7.73,6.95,5.14,25.88,0.3492,36.23,1.1267,0.0,-10.15,-15.96,3740472955
328,601177,601177.SH,沪,杭齿前进,36.8,C-暂缓,8.0,19.9659,22.9705,38.0,4.58,15.97,否,应收增速>营收,3.0,6.57,nan,33.92,-0.7,19.3,11.0,9.28,5.12,45.05,0.8198,11.28,0.9681,0.66,4.29,6.13,302268179
329,601001,601001.SH,沪,晋控煤业,36.6,C-暂缓,10.0,17.0014,16.8817,29.54,3.75,13.01,否,经营现金流3Y为负,-6.59,-17.77,-17.98,-20.11,4.47,42.17,18.71,9.03,6.68,23.17,0.3016,28.41,0.8994,0.0,-12.8,-37.34,3111029310
330,601319,601319.SH,沪,中国人保,36.6,C-暂缓,0.0,7.2131,7.0511,31.73,2.77,17.39,否,无,2.52,22.46,18.32,nan,nan,,9.42,16.01,3.32,79.28,3.8263,,1.8183,0.0,7.57,9.02,118689000000
331,000700,000700.SZ,深,模塑科技,36.4,C-暂缓,10.0,20.1631,22.5121,41.48,3.1,nan,否,经营现金流3Y为负,-2.48,-1.4,-6.06,-11.22,-13.49,18.81,6.77,13.08,5.91,51.35,1.0555,9.56,1.3135,0.03,-0.39,-22.87,845789046
332,300866,300866.SZ,创,安克创新,36.3,C-暂缓,24.0,27.642,30.477,20.74,26.68,23.94,否,经营现金流3Y为负；FCF/NI<70%；股数膨胀>2%,28.89,30.23,-30.36,15.28,50.03,45.07,8.58,26.36,14.27,46.62,0.8734,56.35,0.0442,9.67,23.49,18.36,480806645
333,001696,001696.SZ,深,宗申动力,36.2,C-暂缓,10.0,28.6806,31.6855,45.36,9.57,1.3,否,经营现金流3Y为负,15.0,18.48,-3.12,16.27,9.85,13.59,5.45,12.02,5.54,53.05,1.1299,9.63,1.3453,0.0,17.98,36.05,1215185066
334,002468,002468.SZ,深,申通快递,36.1,C-暂缓,15.0,13.6515,13.3347,29.3,20.85,94.6,否,利润增速显著快于营收；FCF/NI<70%,18.19,71.0,13.47,15.38,38.34,6.41,2.46,13.2,5.01,62.72,1.6824,7.14,0.5171,0.0,17.84,33.29,3799080668
335,600578,600578.SH,沪,京能电力,36.1,C-暂缓,12.0,10.3706,10.4666,44.98,12.0,20.52,否,增速异常,5.13,68.97,19.8,1.08,8.55,21.28,12.64,12.61,4.52,64.25,1.7972,5.19,1.3516,0.0,-0.01,95.7,10597801414
336,603833,603833.SH,沪,欧派家居,36.0,C-暂缓,8.0,10.5367,12.3504,49.04,3.17,-0.62,否,应收增速>营收,-8.48,-9.33,12.13,1.94,-23.83,36.24,11.61,10.57,5.67,46.75,0.8779,11.98,1.4173,0.0,-8.94,-23.18,3397112445
337,001286,001286.SZ,深,陕西能源,35.9,C-暂缓,8.0,11.794,11.8196,31.04,18.78,29.67,否,FCF/NI<70%,4.21,4.99,0.33,11.11,1.03,36.78,20.48,14.21,6.55,54.53,1.1993,10.44,0.4867,0.0,-0.86,0.83,8990821077
338,002020,002020.SZ,深,京新药业,35.8,C-暂缓,18.0,14.9342,15.7453,41.73,4.55,3.25,否,应收增速>营收；经营现金流3Y为负,2.49,4.71,-2.99,18.29,-0.33,50.15,18.84,12.92,9.24,27.74,0.3839,203.96,0.7596,0.0,-2.14,6.61,781347073
339,002206,002206.SZ,深,海利得,35.8,C-暂缓,10.0,12.1616,11.9237,31.18,10.68,15.21,否,经营现金流3Y为负,1.91,15.66,-2.96,3.75,-6.25,19.35,8.86,13.02,6.85,48.05,0.9249,11.05,0.9974,-0.16,-1.13,25.58,729640077
340,002233,002233.SZ,深,塔牌集团,35.8,C-暂缓,8.0,19.7987,29.024,31.75,-10.24,-18.45,否,应收增速>营收,-12.04,33.51,13.42,22.18,-6.79,24.51,15.66,5.34,4.78,10.23,0.114,710.74,0.7615,0.0,-3.99,16.3,778436676
341,002698,002698.SZ,深,博实股份,35.8,C-暂缓,18.0,26.4312,28.3968,32.95,9.12,4.35,否,经营现金流3Y为负；FCF/NI<70%,9.5,9.09,-4.15,13.65,3.89,35.71,20.55,14.0,8.15,40.42,0.6784,33.08,0.5976,0.0,-1.21,6.8,397641133
342,000733,000733.SZ,深,振华科技,35.5,C-暂缓,14.0,22.4699,24.3614,36.04,7.82,11.22,否,应收增速>营收；股数膨胀>2%,-7.48,-24.5,19.29,28.97,-1.57,45.95,17.82,6.73,5.49,18.34,0.2246,47.36,1.0089,2.12,10.26,5.63,1394269766
343,301267,301267.SZ,创,华厦眼科,35.5,C-暂缓,14.0,29.1231,30.6547,30.11,10.48,6.14,否,应收增速>营收；股数膨胀>2%,8.58,-5.17,4.06,17.67,3.6,43.31,10.46,7.55,5.6,27.83,0.3856,13.1,1.4765,14.47,2.78,1.13,867582285
344,600160,600160.SH,沪,巨化股份,35.5,C-暂缓,27.0,25.1914,25.306,33.28,10.95,111.39,否,增速异常；利润增速显著快于营收；FCF/NI<70%,7.89,21.75,23.59,-1.26,12.66,28.23,16.02,20.22,12.96,38.48,0.6255,49.42,0.1782,0.0,10.34,98.67,6260587144
345,600861,600861.SH,沪,北京人力,35.5,C-暂缓,14.0,8.6765,15.0318,42.67,129.87,nan,否,应收增速>营收；股数膨胀>2%,353.73,nan,nan,449.58,-51.67,5.51,3.21,18.5,8.76,50.14,1.0056,157.85,0.9203,21.35,5.0,39.77,1279841663
346,603809,603809.SH,沪,豪能股份,35.4,C-暂缓,14.0,29.1297,29.8324,50.88,18.1,7.43,否,FCF/NI<70%；股数膨胀>2%,22.26,8.07,3.14,25.92,11.18,30.53,10.26,8.24,4.15,48.09,0.9264,6.07,-2.4671,32.71,13.97,-13.89,308991921
347,002511,002511.SZ,深,中顺洁柔,35.3,C-暂缓,12.0,22.8655,23.1131,24.0,2.33,-18.98,否,增速异常,0.81,-3.2,50.68,-3.99,-8.5,34.0,3.6,5.8,3.46,38.8,0.634,12.34,3.34,-0.73,7.72,315.87,1339967778
348,300492,300492.SZ,创,华图山鼎,35.3,C-暂缓,24.0,27.1542,27.7488,74.94,91.11,76.21,否,增速异常；ROE>40%；股数膨胀>2%,210.47,180.27,nan,4.31,nan,59.4,7.52,113.99,11.95,93.79,15.1031,16.2,2.4903,11.87,12.89,354.07,670034879
349,000902,000902.SZ,深,新洋丰,35.1,C-暂缓,8.0,10.5365,10.8308,29.97,12.38,10.86,否,FCF/NI<70%,4.19,6.35,0.22,8.16,12.27,17.41,9.01,14.0,8.39,40.45,0.6793,33.84,0.4681,-1.29,15.97,23.2,2116699556
350,600062,600062.SH,沪,华润双鹤,35.1,C-暂缓,16.0,10.06,10.5839,29.22,5.28,10.68,否,应收增速>营收；FCF/NI<70%,5.21,11.47,3.55,16.46,-5.64,58.01,15.3,14.26,9.99,26.51,0.3607,57.1,0.5782,-0.14,-1.88,1.97,1489514452
351,600459,600459.SH,沪,贵研铂业,35.0,C-暂缓,8.0,27.0619,27.9421,27.08,13.99,13.53,否,FCF/NI<70%,10.96,15.98,nan,0.79,36.45,2.63,1.23,8.9,3.99,59.38,1.4618,9.07,-3.4283,-0.06,17.2,11.9,-1922678517
352,603236,603236.SH,沪,移远通信,35.0,C-暂缓,14.0,24.2866,25.0413,48.68,31.85,34.34,否,FCF/NI<70%；股数膨胀>2%,19.57,10.05,nan,20.73,22.39,17.41,3.4,15.26,5.53,59.66,1.4789,14.89,-1.5844,15.05,30.83,43.08,-658201711
353,000065,000065.SZ,深,北方国际,34.8,C-暂缓,6.0,16.0362,15.7848,44.59,1.07,-1.52,否,股数膨胀>2%,0.3,-3.3,12.43,4.75,-5.29,14.28,5.36,6.61,2.87,55.01,1.2227,4.91,0.7596,2.27,-28.96,-29.19,1048812791
354,002768,002768.SZ,深,国恩股份,34.8,C-暂缓,8.0,28.8498,29.1599,19.26,24.23,2.08,否,FCF/NI<70%,16.6,4.39,16.46,21.17,16.79,10.66,3.87,11.17,4.32,61.09,1.57,6.63,0.0891,0.0,10.57,16.12,567475367
355,600642,600642.SH,沪,申能股份,34.8,C-暂缓,0.0,10.768,11.7954,24.04,7.3,10.66,否,无,-0.19,68.77,21.97,7.52,-10.64,22.56,17.99,10.48,4.74,54.77,1.2109,6.63,0.7205,-0.1,-5.37,5.41,8696194341
356,601058,601058.SH,沪,赛轮轮胎,34.8,C-暂缓,22.0,12.8354,13.0573,23.43,19.02,18.92,否,应收增速>营收；FCF/NI<70%；股数膨胀>2%,18.87,36.32,23.86,31.32,20.16,24.68,9.83,16.47,8.31,50.06,1.0024,9.65,-0.1756,2.39,15.69,-12.29,4178797505
357,300428,300428.SZ,创,立中集团,34.7,C-暂缓,14.0,13.5541,14.7334,32.92,19.12,13.13,否,FCF/NI<70%；股数膨胀>2%,14.55,21.34,16.07,22.14,13.61,9.6,2.79,10.71,3.95,61.3,1.584,4.27,-0.8499,3.58,17.9,25.04,379129404
358,300146,300146.SZ,创,汤臣倍健,34.6,C-暂缓,10.0,25.3455,29.9564,26.36,0.55,-11.96,否,经营现金流3Y为负,-7.28,-16.67,-4.17,-5.9,-8.65,67.9,13.03,7.33,5.78,19.95,0.2492,68.09,1.3938,-0.17,-8.38,26.04,1213699380
359,600066,600066.SH,沪,宇通客车,34.6,C-暂缓,25.0,11.9002,13.5293,23.4,13.8,61.12,否,利润增速显著快于营收；经营现金流3Y为负；FCF/NI<70%,23.86,94.22,-0.59,9.57,-10.22,24.14,13.58,38.13,17.27,51.97,1.082,100.0,0.5217,0.0,11.31,35.42,3196679778
360,601061,601061.SH,沪,中信金属,34.4,C-暂缓,8.0,15.0231,15.1276,33.07,13.01,18.77,否,FCF/NI<70%,5.97,6.68,53.57,12.23,17.92,1.5,1.9,11.9,5.08,59.76,1.4851,5.25,0.0545,0.0,8.93,20.16,187054374
361,600420,600420.SH,沪,国药现代,34.3,C-暂缓,16.0,15.7898,17.4871,28.31,-5.7,4.88,否,经营现金流3Y为负；股数膨胀>2%,-10.27,9.6,-15.91,-19.09,-10.49,32.43,12.2,7.33,5.83,17.59,0.2134,293.78,1.2611,9.31,-14.39,-14.26,1698089053
362,002423,002423.SZ,深,中粮资本,34.2,C-暂缓,8.0,20.4404,20.506,41.37,-6.7,1.85,否,应收增速>营收,-19.81,17.3,32.93,19.27,8.7,23.32,18.49,5.31,1.11,79.18,3.8031,100.0,10.568,0.0,-62.0,-4.45,18882634908
363,601928,601928.SH,沪,凤凰传媒,34.2,C-暂缓,10.0,13.071,15.25,24.09,0.35,2.43,否,经营现金流3Y为负,-3.16,-4.78,-15.06,-10.15,-6.75,40.11,14.73,9.11,5.93,33.93,0.5135,118.81,0.7396,0.0,-9.25,13.96,1536468206
364,603298,603298.SH,沪,杭叉集团,34.2,C-暂缓,22.0,15.2352,15.525,17.59,9.15,20.09,否,应收增速>营收；FCF/NI<70%；股数膨胀>2%,7.17,29.24,39.11,27.8,18.79,24.78,13.07,20.02,12.67,37.24,0.5934,60.7,0.4927,14.77,7.6,7.25,1683901243
365,002078,002078.SZ,深,太阳纸业,34.1,C-暂缓,8.0,11.9284,12.2125,22.68,12.67,10.54,否,FCF/NI<70%,-0.48,4.86,9.03,-2.02,0.85,15.59,8.29,10.95,5.84,47.75,0.9139,8.51,-0.9051,-0.0,-3.77,4.42,4956059083
366,601138,601138.SH,沪,工业富联,34.0,C-暂缓,18.0,26.5814,27.404,26.03,15.9,15.18,否,经营现金流3Y为负；FCF/NI<70%,20.83,20.72,-30.14,4.27,24.97,6.98,3.91,22.06,9.13,63.37,1.73,12.88,-0.3172,-0.0,48.22,51.92,5237909000
367,601766,601766.SH,沪,中国中车,33.8,C-暂缓,0.0,12.4474,14.7874,26.61,3.7,4.1,否,无,6.99,5.59,0.32,9.4,14.65,21.38,6.19,7.93,3.18,60.77,1.5491,19.0,0.9298,0.0,10.8,7.86,24185716000
368,002216,002216.SZ,深,三全食品,33.6,C-暂缓,10.0,17.9171,26.8007,18.06,-1.14,-6.35,否,经营现金流3Y为负,-4.18,-11.62,-29.48,-18.46,-6.88,24.05,8.45,12.18,6.78,42.83,0.7492,54.41,0.8466,0.0,-1.38,1.94,485649773
369,603093,603093.SH,沪,南华期货,33.6,C-暂缓,13.0,18.2352,18.273,58.38,-32.52,39.36,否,利润增速显著快于营收；股数膨胀>2%,-41.19,25.55,77.53,nan,nan,,35.07,10.0,0.85,91.44,10.6822,,14.3184,5.57,-75.71,6.25,7000757946
370,688219,688219.SH,科,会通股份,33.6,C-暂缓,6.0,28.9194,31.9743,32.55,9.49,1.32,否,股数膨胀>2%,7.81,50.15,59.32,9.34,-8.47,13.75,3.0,7.53,2.77,57.28,1.3408,4.67,1.7231,6.17,6.61,-2.82,521098200
371,600109,600109.SH,沪,国金证券,33.5,C-暂缓,10.0,13.1504,13.8115,20.39,6.88,4.1,否,经营现金流3Y为负,13.83,23.89,-14.99,11.23,nan,,27.09,6.58,1.7,76.02,3.1701,,1.7309,-0.17,26.9,36.49,4093986136
372,600559,600559.SH,沪,老白干酒,33.5,C-暂缓,8.0,23.5496,26.2729,39.94,2.76,6.54,否,FCF/NI<70%,-3.96,-15.31,nan,-49.22,5.64,66.01,10.43,8.1,4.72,38.29,0.6205,100.0,-0.8322,0.0,-23.07,-45.4,-293434850
373,603515,603515.SH,沪,欧普照明,33.5,C-暂缓,16.0,13.2905,15.4656,25.3,-2.64,2.9,否,应收增速>营收；FCF/NI<70%,-1.39,5.5,16.7,9.73,-1.38,39.33,13.24,13.43,9.56,27.07,0.3712,894.51,0.3557,-0.46,-1.78,1.97,689874480
374,002340,002340.SZ,深,格林美,33.4,C-暂缓,8.0,20.9032,23.8283,35.95,24.39,32.15,否,FCF/NI<70%,8.1,8.92,nan,-2.28,9.44,14.71,4.64,7.05,2.44,65.8,1.924,3.21,-3.1098,-0.13,11.82,29.59,3782652378
375,600826,600826.SH,沪,兰生股份,33.4,C-暂缓,23.0,16.9292,23.1072,40.48,-11.42,19.96,否,利润增速显著快于营收；经营现金流3Y为负；股数膨胀>2%,28.12,48.55,-6.96,16.08,-17.45,36.63,22.09,7.99,6.1,21.92,0.2807,28.32,0.9891,11.35,-1.07,7.27,362875326
376,688332,688332.SH,科,中科蓝讯,33.4,C-暂缓,37.0,9.22,72.4802,47.33,14.72,45.72,否,增速异常；利润增速显著快于营收；经营现金流3Y为负；FCF/NI<70%,19.47,115.77,-34.1,14.79,11.15,22.19,76.86,30.44,27.59,7.42,0.0801,213.77,0.0276,0.17,1.24,371.55,64051504
377,000027,000027.SZ,深,深圳能源,33.3,C-暂缓,8.0,14.6209,16.1387,27.48,16.25,-6.34,否,FCF/NI<70%,4.99,7.54,7.08,3.26,-10.52,20.67,7.08,4.98,1.85,61.99,1.6309,2.59,0.1995,0.0,5.38,16.84,11817010849
378,600236,600236.SH,沪,桂冠电力,33.3,C-暂缓,8.0,20.2646,20.1053,21.74,2.98,8.28,否,应收增速>营收,-0.73,0.63,1.79,16.43,-0.27,53.98,35.72,16.14,7.22,54.22,1.1844,9.74,0.7802,0.0,8.28,40.85,6957390577
379,000893,000893.SZ,深,亚钾国际,33.2,C-暂缓,27.0,24.042,21.8703,33.82,71.1,93.53,否,增速异常；利润增速显著快于营收；FCF/NI<70%,15.39,-6.29,8.03,-15.89,40.62,58.57,31.34,12.43,8.74,33.24,0.4979,25.29,0.2378,-0.18,50.09,82.52,2282120280
380,001301,001301.SZ,深,尚太科技,33.0,C-暂缓,16.0,26.6009,25.9079,42.39,63.4,44.04,否,应收增速>营收；FCF/NI<70%,18.43,-9.81,nan,28.57,6.34,21.21,11.91,14.25,9.01,40.26,0.6739,13.42,-0.037,0.13,51.9,12.82,955677366
381,002226,002226.SZ,深,江南化工,32.9,C-暂缓,18.0,17.7542,21.0104,30.56,20.56,14.38,否,经营现金流3Y为负；FCF/NI<70%,12.33,19.64,-6.89,20.3,25.96,30.4,10.65,9.34,5.19,46.39,0.8653,10.51,0.6515,0.0,5.28,-6.15,1185745663
382,301035,301035.SZ,创,润丰股份,32.9,C-暂缓,20.0,19.3073,18.7603,40.36,15.04,20.39,否,增速异常；应收增速>营收,0.52,-7.5,16.07,17.51,16.99,22.8,8.01,15.67,7.43,51.39,1.0572,15.42,1.0589,0.44,10.47,122.8,2143365422
383,601107,601107.SH,沪,四川成渝,32.9,C-暂缓,8.0,11.113,11.9666,17.29,9.92,16.13,否,FCF/NI<70%,-4.03,23.9,18.22,-8.66,-11.6,34.84,17.63,7.58,2.47,66.65,1.9985,4.13,0.5699,0.0,-15.48,-0.23,3318926426
384,002926,002926.SZ,深,华西证券,32.8,C-暂缓,12.0,13.789,13.7036,27.22,-0.29,-5.04,否,增速异常,10.99,52.01,64.96,-11.99,nan,,31.81,6.07,1.43,76.49,3.2535,,5.3346,0.0,17.75,102.06,7912467128
385,300772,300772.SZ,创,运达股份,32.5,C-暂缓,14.0,27.1017,31.1603,48.48,20.7,14.14,否,FCF/NI<70%；股数膨胀>2%,19.15,-18.41,42.59,21.46,14.21,7.56,1.14,4.74,0.73,84.4,5.4103,3.89,-7.5755,3.87,32.45,-28.4,558624972
386,600742,600742.SH,沪,富维股份,32.5,C-暂缓,8.0,12.5201,13.7066,34.23,0.35,-4.71,否,FCF/NI<70%,-0.17,-2.68,23.67,3.21,-5.55,10.78,3.83,7.58,3.32,55.88,1.2665,22.58,0.6274,0.23,1.18,1.63,1407805734
387,601339,601339.SH,沪,百隆东方,32.4,C-暂缓,8.0,14.3128,15.1353,17.05,5.08,12.38,否,应收增速>营收,3.99,-25.12,64.11,18.19,-9.3,13.67,8.35,6.98,4.72,31.29,0.4554,7.96,1.5046,-0.01,-1.02,59.96,1087885413
388,002572,002572.SZ,深,索菲亚,32.3,C-暂缓,8.0,9.1579,9.737,47.33,2.32,-5.14,否,FCF/NI<70%,-5.85,-4.38,nan,-3.26,-13.65,35.7,10.04,12.12,6.27,43.16,0.7593,26.16,-0.5971,1.82,-10.74,-34.38,-321026193
389,002867,002867.SZ,深,周大生,32.3,C-暂缓,18.0,11.6749,12.1376,17.33,11.64,1.69,否,经营现金流3Y为负；FCF/NI<70%,-7.45,0.45,-23.03,-31.25,14.37,31.35,12.5,17.18,13.65,22.08,0.2834,72.49,0.3223,-0.32,-36.54,10.0,464011855
390,002120,002120.SZ,深,韵达股份,32.2,C-暂缓,10.0,14.3079,14.8132,27.15,8.97,-3.91,否,经营现金流3Y为负,2.76,-8.06,-11.36,-17.06,-21.18,7.48,2.27,5.58,3.05,42.96,0.7532,5.74,1.0566,-0.04,6.04,-40.07,3684373045
391,300815,300815.SZ,创,玉禾田,32.2,C-暂缓,22.0,11.2901,11.1368,54.97,12.34,-2.13,否,应收增速>营收；FCF/NI<70%；股数膨胀>2%,12.71,3.58,24.38,28.69,48.0,22.46,8.01,12.68,6.32,51.32,1.0542,12.18,-0.4189,6.27,7.21,-7.82,715751893
392,000403,000403.SZ,深,派林生物,32.0,C-暂缓,14.0,28.6078,31.4463,44.43,20.18,18.09,否,FCF/NI<70%；股数膨胀>2%,3.06,-10.63,nan,3.61,35.84,41.53,15.94,5.24,4.48,14.63,0.1714,25.5,-1.3084,9.07,-0.83,-43.69,-215990613
393,600970,600970.SH,沪,中材国际,31.9,C-暂缓,14.0,7.6172,8.3035,33.59,17.14,22.48,否,FCF/NI<70%；股数膨胀>2%,8.51,9.72,24.79,15.53,4.26,18.5,6.21,13.0,5.1,60.24,1.5151,18.06,0.4866,4.99,7.53,-4.38,1783230651
394,601019,601019.SH,沪,山东出版,31.9,C-暂缓,10.0,12.1776,13.2282,27.88,2.78,-3.47,否,经营现金流3Y为负,-0.1,-11.12,-9.3,0.91,0.3,36.5,10.46,7.72,5.31,30.83,0.4457,135.46,1.1694,0.0,-4.6,-7.66,1600678298
395,603100,603100.SH,沪,川仪股份,31.8,C-暂缓,14.0,13.8903,14.7925,36.11,9.85,11.52,否,应收增速>营收；股数膨胀>2%,2.23,3.92,2.33,13.15,-2.55,34.31,9.58,14.3,7.37,48.8,0.9531,103.6,0.7053,9.12,-10.36,-16.41,609706451
396,000672,000672.SZ,深,上峰材料,31.7,C-暂缓,10.0,23.0011,32.3539,43.13,-6.11,-20.71,否,经营现金流3Y为负,-13.04,-12.55,-0.48,-12.42,-17.09,28.89,13.67,6.61,3.75,41.26,0.7024,7.2,1.4082,-0.2,-13.87,8.38,1004860422
397,601098,601098.SH,沪,中南传媒,31.7,C-暂缓,8.0,11.3633,11.8691,23.74,3.77,1.71,否,FCF/NI<70%,0.36,4.28,nan,7.45,-17.58,44.39,13.36,10.09,6.26,35.68,0.5547,337.25,-0.9757,0.0,-5.6,13.09,-1237056464
398,601139,601139.SH,沪,深圳燃气,31.7,C-暂缓,8.0,12.5292,12.2495,21.5,14.69,1.76,否,应收增速>营收,-0.29,2.35,30.17,18.23,-23.53,17.64,5.06,8.0,3.23,59.92,1.495,6.56,0.8523,-0.0,5.12,-1.93,3610426292
399,603027,603027.SH,沪,千禾味业,31.5,C-暂缓,16.0,28.669,29.1754,45.51,8.72,11.05,否,经营现金流3Y为负；股数膨胀>2%,1.82,0.35,-16.95,-20.14,17.71,37.83,13.51,9.91,7.92,21.61,0.2757,70.45,0.7443,11.36,-16.32,-32.4,443009032
400,603162,603162.SH,沪,海通发展,31.5,C-暂缓,22.0,18.8167,18.8733,37.49,45.61,47.76,否,应收增速>营收；FCF/NI<70%；股数膨胀>2%,29.5,-11.53,17.95,54.6,92.23,16.29,10.47,10.76,7.36,33.45,0.5026,5.47,0.4952,22.87,21.43,-15.3,1311113176
401,000582,000582.SZ,深,北部湾港,31.4,C-暂缓,14.0,25.7848,30.1501,29.43,7.26,0.26,否,FCF/NI<70%；股数膨胀>2%,6.08,1.27,5.65,-3.71,-6.2,30.26,15.69,5.78,3.16,45.95,0.8501,5.6,0.2751,10.17,8.72,-11.26,3063130247
402,603112,603112.SH,沪,华翔股份,31.3,C-暂缓,24.0,15.3476,17.7756,32.15,16.19,18.15,否,经营现金流3Y为负；FCF/NI<70%；股数膨胀>2%,8.56,41.31,-36.04,8.79,17.17,21.93,13.63,14.27,8.7,32.38,0.4789,15.81,-0.1702,7.31,7.83,24.57,36633326
403,600686,600686.SH,沪,金龙汽车,31.2,C-暂缓,19.0,13.8374,25.7851,50.32,11.95,57.34,否,增速异常；利润增速显著快于营收,10.4,nan,nan,-1.76,1.82,12.72,2.39,13.56,2.1,84.81,5.5833,3.65,2.276,0.0,6.89,114.71,1663628960
404,002984,002984.SZ,深,森麒麟,31.1,C-暂缓,24.0,14.9061,16.0013,39.37,12.85,2.78,否,经营现金流3Y为负；FCF/NI<70%；股数膨胀>2%,11.03,11.99,-20.61,17.95,13.69,21.28,13.06,8.24,6.29,24.94,0.3323,11.37,-0.2044,16.83,1.19,-48.54,514534501
405,301308,301308.SZ,创,江波龙,31.0,C-暂缓,20.0,13.6464,14.4685,49.24,25.63,40.23,否,增速异常；FCF/NI<70%,39.81,174.02,nan,30.46,46.11,19.4,6.58,19.63,7.56,63.25,1.7211,8.49,-1.3566,0.5,30.36,196.45,-1201201037
406,000060,000060.SZ,深,中金岭南,30.9,C-暂缓,6.0,28.7377,29.1295,27.55,14.88,-5.7,否,股数膨胀>2%,2.98,-12.77,30.64,7.49,52.41,6.51,1.35,4.32,1.72,58.62,1.4166,2.97,1.741,5.92,1.14,-37.91,2409708435
407,002961,002961.SZ,深,瑞达期货,30.8,C-暂缓,8.0,13.2715,13.4691,42.29,-1.78,17.16,否,FCF/NI<70%,-16.48,23.19,nan,-91.29,nan,,44.79,16.59,2.7,85.02,5.6756,,-2.0398,1.41,-32.24,43.11,-1099652662
408,000408,000408.SZ,深,藏格矿业,30.7,C-暂缓,25.0,21.5586,20.6921,19.62,13.45,75.74,否,利润增速显著快于营收；经营现金流3Y为负；FCF/NI<70%,-24.14,-12.12,-27.14,-45.74,-8.2,59.24,107.28,25.53,23.42,8.35,0.0911,215.85,0.5282,-0.22,10.03,49.35,2100261819
409,600426,600426.SH,沪,华鲁恒升,30.5,C-暂缓,18.0,13.9322,14.0144,52.9,18.75,15.24,否,经营现金流3Y为负；FCF/NI<70%,0.79,-16.54,-15.67,-7.34,8.37,19.16,11.8,10.76,7.63,28.52,0.399,16.37,0.1508,-0.0,-9.52,-12.51,4197555234
410,301078,301078.SZ,创,孩子王,30.4,C-暂缓,6.0,27.9183,38.0991,53.57,4.22,-1.85,否,股数膨胀>2%,6.44,43.57,32.44,8.39,-1.95,29.54,3.47,8.9,3.56,62.69,1.6802,4.5,2.5922,4.28,10.03,73.77,1437849522
411,600480,600480.SH,沪,凌云股份,30.4,C-暂缓,14.0,13.1656,15.7465,46.43,7.94,23.09,否,应收增速>营收；股数膨胀>2%,5.93,22.62,3.0,15.73,5.17,16.58,5.61,11.14,5.52,50.58,1.0235,19.6,0.858,10.05,5.3,17.15,1521564464
412,600486,600486.SH,沪,扬农化工,30.4,C-暂缓,14.0,17.6542,17.8427,38.74,3.84,1.22,否,应收增速>营收；股数膨胀>2%,-9.11,-10.52,1.43,2.24,-21.01,21.99,10.84,11.69,7.18,36.91,0.585,34.46,0.9759,9.37,13.76,6.95,2216729167
413,603658,603658.SH,沪,安图生物,30.3,C-暂缓,18.0,19.1104,20.3007,19.06,7.25,7.49,否,经营现金流3Y为负；FCF/NI<70%,-1.64,-2.96,-4.87,3.37,7.53,65.64,25.7,12.27,8.99,26.64,0.3631,88.09,0.6788,-0.85,-5.47,-9.41,1341681763
414,603198,603198.SH,沪,迎驾贡酒,30.2,C-暂缓,26.0,15.6529,16.2947,17.56,11.76,15.76,否,应收增速>营收；经营现金流3Y为负；FCF/NI<70%,3.02,5.21,-12.46,49.51,9.23,72.54,33.05,19.38,14.62,22.84,0.296,18440.88,0.2491,0.0,-18.04,-23.32,1234403273
415,603368,603368.SH,沪,柳药集团,30.2,C-暂缓,6.0,9.605,9.7109,24.09,5.96,-1.62,否,股数膨胀>2%,3.18,-1.72,28.62,6.21,6.57,11.05,3.44,8.96,3.38,61.84,1.6205,5.19,1.2402,3.12,-1.21,-16.94,1077658929
416,605507,605507.SH,沪,国邦医药,30.2,C-暂缓,18.0,17.2503,18.6098,48.03,7.4,0.18,否,经营现金流3Y为负；FCF/NI<70%,1.66,-3.88,-18.07,8.8,8.02,26.03,13.6,9.85,7.51,22.11,0.2839,40.04,0.3739,0.0,2.05,4.74,559278160
417,600132,600132.SH,沪,重庆啤酒,30.1,C-暂缓,24.0,16.7789,17.4522,32.7,6.11,7.18,否,ROE>40%；应收增速>营收；经营现金流3Y为负,1.6,-1.42,-11.24,10.09,-1.91,50.88,16.83,93.27,22.88,73.24,2.7369,625.58,0.8922,0.0,0.53,10.17,2624190299
418,300442,300442.SZ,创,润泽科技,30.0,C-暂缓,34.0,20.3096,51.4251,41.99,65.32,nan,否,增速异常；应收增速>营收；FCF/NI<70%；股数膨胀>2%,27.85,61.57,22.56,66.49,205.21,46.04,88.99,36.84,13.65,62.84,1.6911,18.1,-1.7367,25.83,29.99,177.62,3291906916
419,600874,600874.SH,沪,创业环保,30.0,C-暂缓,8.0,9.8953,11.0369,18.21,7.19,8.61,否,应收增速>营收,1.72,4.08,53.56,12.6,11.03,38.28,19.25,8.25,3.58,56.1,1.2779,4.66,2.5914,0.0,-1.4,5.22,3302323014
420,601717,601717.SH,沪,中创智领,30.0,C-暂缓,16.0,6.4805,8.1088,46.3,9.31,25.87,否,应收增速>营收；FCF/NI<70%,8.9,18.36,2.14,27.38,-4.26,22.66,10.53,18.29,8.72,51.48,1.061,24.86,0.209,0.13,11.69,3.26,2404162654
421,603277,603277.SH,沪,银都股份,30.0,C-暂缓,24.0,23.285,21.603,37.84,11.08,9.4,否,应收增速>营收；经营现金流3Y为负；股数膨胀>2%,0.83,2.73,-9.12,16.33,4.8,42.55,17.83,17.26,11.49,32.91,0.4905,27.03,0.7576,13.42,-0.84,-10.04,435457732
422,600780,600780.SH,沪,通宝能源,29.9,C-暂缓,8.0,10.1835,10.49,31.48,10.16,16.83,否,FCF/NI<70%,0.44,-8.78,0.75,-0.49,4.6,10.06,5.74,8.09,5.73,30.86,0.4463,63.3,0.6784,0.0,4.02,26.5,1354770339
423,601020,601020.SH,沪,华钰矿业,29.9,C-暂缓,33.0,21.2171,41.4346,47.66,-2.74,82.83,否,增速异常；利润增速显著快于营收；应收增速>营收；股数膨胀>2%,54.25,92.91,55.95,374.66,41.66,48.98,46.51,18.23,11.9,37.73,0.6059,23.11,0.7252,13.4,28.31,153.21,1044965950
424,601865,601865.SH,沪,福莱特,29.9,C-暂缓,14.0,27.1105,25.7473,47.88,19.98,-9.43,否,FCF/NI<70%；股数膨胀>2%,0.23,-22.38,154.36,-4.76,-10.2,16.91,6.38,4.47,2.33,46.65,0.8744,2.95,0.1125,2.95,-16.68,-2.31,2911113956
425,603737,603737.SH,沪,三棵树,29.7,C-暂缓,18.0,28.8385,37.5794,56.67,8.84,7.21,否,增速异常；股数膨胀>2%,3.38,34.71,25.02,-12.94,4.01,33.79,6.05,24.44,5.54,75.83,3.1374,7.59,1.8081,25.15,3.49,141.9,1867884480
426,002608,002608.SZ,深,江苏国信,29.6,C-暂缓,8.0,8.0893,8.0181,37.38,10.37,9.16,否,FCF/NI<70%,3.08,150.68,10.84,3.0,5.31,13.63,13.35,10.06,4.81,51.09,1.0446,7.47,-0.0677,0.0,-3.79,8.37,6423245684
427,000338,000338.SZ,深,潍柴动力,29.5,C-暂缓,0.0,22.2857,24.7861,19.76,3.26,3.94,否,无,9.79,34.02,nan,17.06,1.83,21.48,5.9,10.81,3.85,64.33,1.8035,4.49,1.609,-0.05,7.47,-4.18,28681522296
428,600848,600848.SH,沪,上海临港,29.5,C-暂缓,16.0,24.1106,37.6341,40.66,15.1,-7.98,否,应收增速>营收；FCF/NI<70%,9.78,-7.2,nan,51.7,10.11,35.65,13.56,3.7,1.24,66.96,2.0266,2.78,-0.953,0.0,-28.51,-47.67,-949615008
429,000157,000157.SZ,深,中联重科,29.4,C-暂缓,8.0,13.8937,19.4327,31.5,-4.36,-7.04,否,FCF/NI<70%,7.77,28.9,26.21,7.39,13.04,28.04,9.8,8.53,3.98,55.03,1.2237,10.06,0.0631,-0.11,14.58,27.39,4873901653
430,600161,600161.SH,沪,天坛生物,29.4,C-暂缓,32.0,24.703,25.2755,44.97,12.35,9.58,否,应收增速>营收；经营现金流3Y为负；FCF/NI<70%；股数膨胀>2%,13.12,7.34,-32.99,246.67,19.92,43.85,24.15,9.98,9.18,7.64,0.0827,247.81,-0.1788,6.27,2.26,-29.47,338746659
431,600233,600233.SH,沪,圆通速递,29.4,C-暂缓,16.0,10.5224,10.6943,23.8,16.61,18.21,否,应收增速>营收；FCF/NI<70%,12.03,2.47,2.03,20.65,61.5,9.52,5.67,12.64,8.32,34.86,0.5352,35.96,-0.16,-0.18,9.05,6.9,7849871865
432,002392,002392.SZ,深,北京利尔,29.2,C-暂缓,18.0,22.1394,38.9852,33.54,10.09,-2.15,否,经营现金流3Y为负；FCF/NI<70%,13.88,16.08,-33.63,13.55,13.31,14.21,5.86,7.14,4.17,43.46,0.7687,28.8,0.2034,0.0,10.17,22.78,128876363
433,603799,603799.SH,沪,华友钴业,29.0,C-暂缓,14.0,11.1278,11.7944,50.6,30.77,46.21,否,FCF/NI<70%；股数膨胀>2%,8.73,9.63,11.25,5.14,13.14,17.47,9.28,13.74,5.08,61.85,1.6212,4.52,-0.8839,5.88,32.94,45.78,4011961997
434,000776,000776.SZ,深,广发证券,28.9,C-暂缓,8.0,10.2786,9.9093,19.15,4.01,6.78,否,FCF/NI<70%,12.19,18.89,nan,-0.12,nan,,42.13,9.48,1.72,83.35,5.006,,-1.9054,-0.07,30.49,41.8,-27780960723
435,000567,000567.SZ,深,海德股份,28.8,C-暂缓,14.0,16.3778,16.5727,29.32,17.68,24.37,否,应收增速>营收；股数膨胀>2%,-12.84,-18.5,nan,11.59,nan,96.14,54.03,7.0,4.01,42.17,0.7292,3.11,3.214,28.11,-18.3,22.24,1224828043
436,000895,000895.SZ,深,双汇发展,28.8,C-暂缓,18.0,16.4038,16.7382,15.91,-4.26,-4.13,否,应收增速>营收；经营现金流3Y为负,-1.77,-3.36,-0.95,35.02,-3.23,18.05,8.68,24.06,13.45,45.32,0.8288,45.15,1.2764,0.0,-0.43,2.08,7352441262
437,000957,000957.SZ,深,中通客车,28.8,C-暂缓,17.0,15.9137,17.3307,20.88,10.71,72.53,否,利润增速显著快于营收；经营现金流3Y为负,11.58,54.08,-1.23,-8.71,30.98,17.62,4.91,11.82,3.99,68.2,2.1447,410.59,3.1118,0.0,27.82,44.18,1126159167
438,600587,600587.SH,沪,新华医疗,28.7,C-暂缓,14.0,15.3662,18.2285,33.35,1.25,17.15,否,FCF/NI<70%；股数膨胀>2%,1.61,-0.07,21.77,3.94,-1.4,25.15,5.42,6.63,3.48,46.31,0.8625,14.83,0.6061,13.77,-2.84,-23.67,700636920
439,600761,600761.SH,沪,安徽合力,28.7,C-暂缓,22.0,11.9712,13.7983,32.31,9.14,11.6,否,应收增速>营收；FCF/NI<70%；股数膨胀>2%,8.14,12.09,28.15,26.61,19.58,23.55,7.29,12.5,7.27,40.11,0.6697,21.93,0.5907,6.36,14.39,-3.74,1621427300
440,300695,300695.SZ,创,兆丰股份,28.6,C-暂缓,36.0,16.5869,58.4905,60.11,8.47,17.11,否,增速异常；经营现金流3Y为负；FCF/NI<70%；股数膨胀>2%,10.13,32.19,-9.26,9.01,13.61,28.16,49.93,12.84,11.04,13.79,0.16,100.0,0.1162,12.97,6.01,166.73,129156283
441,600350,600350.SH,沪,山东高速,28.6,C-暂缓,16.0,15.7878,16.7287,21.72,16.05,13.41,否,应收增速>营收；FCF/NI<70%,8.98,2.38,11.03,22.41,39.61,32.99,16.78,6.9,2.47,63.83,1.7647,3.39,0.6206,0.05,-16.03,-0.93,6998105990
442,600618,600618.SH,沪,氯碱化工,28.6,C-暂缓,18.0,13.97,14.1084,44.42,9.85,7.45,否,经营现金流3Y为负；FCF/NI<70%,7.11,-13.64,-7.45,13.88,-6.44,16.73,11.01,9.57,6.4,38.3,0.6207,28.02,-1.7298,0.0,-4.45,4.03,1131845308
443,600999,600999.SH,沪,招商证券,28.6,C-暂缓,8.0,11.6411,11.6868,23.22,0.57,5.32,否,FCF/NI<70%,9.12,15.1,nan,-16.88,nan,,49.33,9.18,1.67,81.68,4.4585,,-2.6049,0.0,19.53,18.56,-31368505125
444,600483,600483.SH,沪,福能股份,28.5,C-暂缓,14.0,9.6829,9.7488,17.84,7.55,17.99,否,FCF/NI<70%；股数膨胀>2%,-1.34,3.59,15.95,5.25,-4.69,28.74,26.53,11.0,6.57,41.82,0.7188,11.56,0.437,12.46,-5.58,4.78,5109226672
445,300850,300850.SZ,创,新强联,28.2,C-暂缓,36.0,13.1299,14.026,56.19,17.52,14.7,否,增速异常；经营现金流3Y为负；FCF/NI<70%；股数膨胀>2%,20.37,36.93,-43.47,15.58,19.02,28.0,18.22,13.53,7.78,38.12,0.616,10.91,-0.4933,7.89,57.11,883.84,18384373
446,600600,600600.SH,沪,青岛啤酒,28.2,C-暂缓,18.0,14.8216,16.3784,27.64,3.19,15.18,否,经营现金流3Y为负；FCF/NI<70%,0.31,7.43,-2.0,2.02,-7.97,41.84,14.53,15.37,9.11,39.55,0.6543,504.85,0.5272,-0.0,1.04,5.02,4592509302
447,000758,000758.SZ,深,中色股份,28.0,C-暂缓,15.0,24.7619,36.4918,36.31,8.32,29.66,否,利润增速显著快于营收；FCF/NI<70%,11.14,10.44,27.99,-18.67,21.65,16.02,5.07,5.55,2.22,61.84,1.6205,5.78,0.2493,0.36,13.48,-1.38,471170044
448,002311,002311.SZ,深,海大集团,27.9,C-暂缓,26.0,19.5134,21.2443,33.13,16.32,9.79,否,应收增速>营收；经营现金流3Y为负；FCF/NI<70%,7.05,12.83,-2.8,15.13,-3.43,10.33,3.54,17.97,9.5,46.42,0.8664,33.73,0.6647,0.05,12.1,-2.8,6260377323
449,000049,000049.SZ,深,德赛电池,27.8,C-暂缓,6.0,22.8186,27.5836,24.67,2.92,-22.17,否,股数膨胀>2%,0.99,-37.17,46.38,2.92,-3.03,9.02,0.94,3.19,1.25,60.59,1.5374,2.1,1.0813,8.71,7.38,-28.86,1226211658
450,002673,002673.SZ,深,西部证券,27.8,C-暂缓,8.0,16.5265,16.7157,34.01,2.91,9.87,否,应收增速>营收,4.08,58.2,nan,100.85,nan,,30.29,5.94,1.67,73.68,2.7994,,1.1419,0.0,-10.84,26.95,2219326004
451,605090,605090.SH,沪,九丰能源,27.8,C-暂缓,24.0,16.0645,17.4686,35.51,17.86,14.26,否,应收增速>营收；经营现金流3Y为负；股数膨胀>2%,-5.41,11.28,-1.22,10.42,-10.06,10.35,7.43,14.17,9.69,26.98,0.3695,15.78,0.8334,4.03,-8.06,-10.76,1634281154
452,002539,002539.SZ,深,云图控股,27.7,C-暂缓,14.0,17.6984,19.1714,25.59,18.51,10.79,否,FCF/NI<70%；股数膨胀>2%,1.44,-17.22,13.35,-10.61,0.54,11.84,3.95,9.17,3.3,65.45,1.8944,5.52,-1.2704,6.14,5.0,3.28,1256667830
453,600835,600835.SH,沪,上海机电,27.7,C-暂缓,8.0,26.3773,32.1745,45.98,-3.78,-7.79,否,FCF/NI<70%,-6.45,-8.1,4.8,-3.69,-20.24,15.32,6.17,7.16,3.47,49.4,0.9763,251.28,0.537,0.0,-6.71,-11.91,798644958
454,601002,601002.SH,沪,晋亿实业,27.6,C-暂缓,12.0,19.7451,20.3306,22.61,-1.52,-13.62,否,增速异常,-4.91,28.28,nan,2.42,-10.15,25.32,10.4,5.7,4.66,17.43,0.2111,3304.55,1.166,-0.17,-1.4,85.06,373828548
455,601696,601696.SH,沪,中银证券,27.6,C-暂缓,10.0,28.6568,29.8657,36.85,0.88,3.39,否,经营现金流3Y为负,4.63,8.83,-26.53,-14.66,nan,,30.83,5.66,1.25,79.63,3.9092,,2.5787,0.0,17.39,15.31,2757923938
456,600366,600366.SH,沪,宁波韵升,27.5,C-暂缓,12.0,26.0452,30.227,36.15,17.9,14.15,否,增速异常,-5.18,-2.45,nan,1.24,-12.29,17.81,6.07,5.44,3.35,41.88,0.7206,13.47,0.8103,-0.4,8.39,246.4,348583969
457,600116,600116.SH,沪,三峡水利,27.4,C-暂缓,8.0,15.2774,24.9963,16.16,14.12,-7.74,否,FCF/NI<70%,-2.84,-3.92,17.78,1.32,16.59,12.54,4.1,3.67,1.66,54.43,1.1944,3.72,-0.0721,0.0,-1.44,46.62,1396305317
458,600549,600549.SH,沪,厦门钨业,27.4,C-暂缓,14.0,24.9406,26.5558,42.61,19.53,28.5,否,FCF/NI<70%；股数膨胀>2%,-1.37,15.36,nan,0.49,18.81,17.9,7.24,13.02,6.55,52.41,1.1013,14.53,0.2946,3.83,31.45,23.85,2970674635
459,603181,603181.SH,沪,皇马科技,27.4,C-暂缓,26.0,16.5751,17.7816,39.32,4.32,6.39,否,应收增速>营收；经营现金流3Y为负；FCF/NI<70%,3.28,-2.92,-2.1,13.96,-3.78,26.2,18.16,13.32,10.66,20.15,0.2523,307.35,0.3807,0.0,3.06,9.76,451049467
460,601377,601377.SH,沪,兴业证券,27.3,C-暂缓,10.0,13.6265,13.8007,26.89,-7.6,-4.12,否,经营现金流3Y为负,3.57,3.57,-5.15,-8.91,nan,,31.36,5.73,1.15,80.67,4.1733,,5.1228,0.0,-4.15,28.21,19332488672
461,300919,300919.SZ,创,中伟新材,27.2,C-暂缓,14.0,23.2891,24.8102,38.82,45.28,30.84,否,FCF/NI<70%；股数膨胀>2%,16.63,1.65,nan,14.35,15.09,12.34,3.35,5.11,2.08,58.8,1.4272,2.78,-1.5545,15.83,19.68,-9.85,1373615425
462,600167,600167.SH,沪,联美控股,26.9,C-暂缓,18.0,21.0993,22.2123,46.97,-2.08,-17.09,否,应收增速>营收；经营现金流3Y为负,-2.08,-12.17,-5.25,9.43,4.2,31.99,20.9,5.66,3.92,29.14,0.4112,8.45,1.5316,-0.37,-7.7,4.39,1228337970
463,002546,002546.SZ,深,新联电子,26.8,C-暂缓,27.0,7.8826,53.231,35.73,3.66,26.1,否,增速异常；利润增速显著快于营收；FCF/NI<70%,3.5,306.64,3.6,-5.04,-15.07,38.33,84.08,16.12,14.75,7.67,0.0831,890.17,0.2048,0.0,-10.23,118.48,125579236
464,600983,600983.SH,沪,惠而浦,26.8,C-暂缓,20.0,11.9188,14.2852,39.47,-1.88,nan,否,增速异常；应收增速>营收,1.79,164.95,23.83,22.14,-5.41,18.34,11.56,18.39,9.28,50.08,1.0032,2013.92,1.3352,0.0,23.23,157.55,788618015
465,601038,601038.SH,沪,一拖股份,26.8,C-暂缓,10.0,16.8886,19.2376,19.82,7.38,25.07,否,经营现金流3Y为负,-4.85,10.23,-36.65,-2.43,-1.24,15.15,7.94,10.74,5.77,45.48,0.8342,72.97,0.8465,0.0,-9.09,-7.64,915718982
466,002007,002007.SZ,深,华兰生物,26.7,C-暂缓,18.0,28.0363,27.8336,28.38,-1.77,-11.52,否,经营现金流3Y为负；FCF/NI<70%,0.57,-7.11,-2.84,-6.93,16.52,57.53,21.76,7.34,6.33,12.26,0.1397,114.58,0.6833,0.06,4.93,-13.46,877956500
467,002534,002534.SZ,深,西子洁能,26.7,C-暂缓,6.0,29.0156,52.6728,31.61,3.11,-1.83,否,股数膨胀>2%,-5.28,28.73,nan,-8.46,-13.72,19.02,8.97,10.32,3.81,57.26,1.3397,12.46,1.5046,4.18,-3.03,10.04,762152850
468,605007,605007.SH,沪,五洲特纸,26.7,C-暂缓,14.0,20.3379,21.1973,16.07,27.52,-6.01,否,FCF/NI<70%；股数膨胀>2%,14.22,6.56,nan,-0.97,22.45,7.89,2.79,6.86,2.06,70.78,2.4223,2.38,-7.6385,5.93,16.05,-31.47,-57356947
469,600699,600699.SH,沪,均胜电子,26.6,C-暂缓,13.0,21.5505,19.5745,51.43,5.02,51.29,否,利润增速显著快于营收；股数膨胀>2%,7.11,90.62,35.5,5.09,7.87,18.3,2.64,7.36,2.42,65.26,1.8785,2.82,0.8391,4.27,9.52,21.81,5398030187
470,601456,601456.SH,沪,国联民生,26.6,C-暂缓,26.0,23.3409,24.1676,30.83,32.54,28.14,否,增速异常；FCF/NI<70%；股数膨胀>2%,43.02,38.32,nan,36.9,nan,,26.46,5.66,1.35,73.98,2.8432,,-2.8062,26.12,185.99,399.89,-5445492821
471,002083,002083.SZ,深,孚日股份,26.5,C-暂缓,14.0,17.0187,16.8689,28.61,3.29,16.43,否,应收增速>营收；股数膨胀>2%,-0.24,28.13,1.59,19.19,-0.59,20.91,7.89,8.98,5.48,35.48,0.5499,12.18,1.5326,4.81,-2.55,29.77,833264445
472,601918,601918.SH,沪,新集能源,26.5,C-暂缓,8.0,10.7535,10.7771,16.94,8.01,17.48,否,FCF/NI<70%,0.76,-0.56,1.06,-7.4,-0.32,40.02,18.7,12.49,4.7,63.53,1.742,7.32,-1.7972,0.0,-3.51,-14.42,3103598705
473,603355,603355.SH,沪,莱克电气,26.5,C-暂缓,8.0,27.7662,33.0823,26.75,9.45,19.72,否,应收增速>营收,3.46,-6.58,22.74,14.36,7.69,22.18,8.13,14.97,5.2,66.68,2.0012,4.48,1.1843,-0.05,1.05,-34.91,1476050043
474,600125,600125.SH,沪,铁龙物流,26.3,C-暂缓,10.0,13.0299,13.5573,25.07,-5.4,5.32,否,经营现金流3Y为负,-1.43,15.01,-6.2,-3.26,8.14,8.84,4.53,6.97,5.02,25.96,0.3506,36.99,0.9116,0.0,-11.69,36.38,689966467
475,600019,600019.SH,沪,宝钢股份,26.2,C-暂缓,10.0,12.6074,13.0522,25.8,2.22,-3.99,否,经营现金流3Y为负,-4.89,-6.65,-9.09,-4.17,-6.83,7.24,3.59,5.12,3.14,37.97,0.6121,11.18,1.3282,-0.73,-1.43,33.2,33597182968
476,601607,601607.SH,沪,上海医药,26.2,C-暂缓,8.0,10.335,20.3177,17.73,8.12,4.47,否,FCF/NI<70%,6.92,-0.09,9.07,7.23,9.59,10.73,2.46,8.04,3.07,61.49,1.5967,6.58,0.564,0.1,3.03,18.8,6154201379
477,603071,603071.SH,沪,物产环能,26.2,C-暂缓,8.0,9.9639,10.4311,19.4,4.41,4.34,否,应收增速>营收,-12.25,-11.58,318.08,3.66,-9.21,5.0,2.18,12.06,6.66,45.54,0.8362,28.62,2.562,0.0,-16.56,-7.56,2175002855
478,603855,603855.SH,沪,华荣股份,26.2,C-暂缓,18.0,15.5397,15.8317,31.08,7.11,6.99,否,经营现金流3Y为负；FCF/NI<70%,1.88,1.99,-6.88,6.03,3.73,51.15,11.85,17.4,7.47,55.37,1.2406,63.08,0.0615,-0.0,-18.82,-19.24,146465407
479,600028,600028.SH,沪,中国石化,26.1,C-暂缓,8.0,17.3475,18.4685,37.11,5.74,-3.33,否,应收增速>营收,-5.69,-22.51,11.8,3.34,-1.87,15.89,1.27,3.59,1.66,54.08,1.1777,2.94,0.8542,0.29,-9.46,-38.75,162496000000
480,600566,600566.SH,沪,济川药业,26.0,C-暂缓,18.0,12.9338,14.7231,17.6,0.17,6.84,否,经营现金流3Y为负；FCF/NI<70%,-11.58,-6.45,-22.96,-10.24,-7.52,78.95,28.6,12.11,9.84,17.33,0.2096,184.05,0.6203,-0.02,-22.43,-29.9,1198294244
481,601628,601628.SH,沪,中国人寿,26.0,C-暂缓,7.0,7.2291,7.2206,28.68,-5.68,24.96,否,利润增速显著快于营收,-9.33,67.16,9.33,nan,nan,,25.43,27.72,2.18,91.99,11.4844,,2.9202,0.0,16.48,43.7,459925000000
482,000600,000600.SZ,深,建投能源,25.9,C-暂缓,20.0,7.0474,7.2342,39.17,9.89,19.12,否,增速异常；FCF/NI<70%,7.57,167.69,41.54,5.84,-0.74,26.65,12.7,15.09,5.9,59.18,1.4498,7.18,0.4059,0.22,-3.11,315.89,5418057757
483,002039,002039.SZ,深,黔源电力,25.9,C-暂缓,20.0,11.5454,11.5961,18.16,4.39,9.63,否,增速异常；应收增速>营收,7.93,13.39,7.75,45.98,136.11,56.21,33.95,15.3,7.26,48.85,0.955,7.26,1.8579,0.0,69.98,178.64,2434452414
484,300773,300773.SZ,创,拉卡拉,25.9,C-暂缓,20.0,10.4057,44.8016,51.96,-0.05,4.63,否,增速异常；FCF/NI<70%,0.95,nan,nan,-28.8,12.58,25.33,21.23,31.18,10.34,66.2,1.9586,103.89,0.4784,-0.98,-3.69,235.6,606877299
485,003039,003039.SZ,深,顺控发展,25.8,C-暂缓,26.0,23.2179,23.447,36.47,12.54,3.71,否,应收增速>营收；经营现金流3Y为负；FCF/NI<70%,19.08,9.33,-0.48,111.29,17.51,43.86,19.36,11.5,5.64,52.62,1.1106,7.85,-0.0367,0.0,21.18,9.61,603306493
486,300035,300035.SZ,创,中科电气,25.8,C-暂缓,16.0,23.7249,25.3908,51.91,54.13,29.88,否,应收增速>营收；FCF/NI<70%,17.22,19.12,nan,29.45,8.54,16.93,7.15,10.93,4.56,62.17,1.6434,5.15,-2.4834,-1.78,51.72,54.24,-1347275565
487,603708,603708.SH,沪,家家悦,25.8,C-暂缓,0.0,28.2358,31.9859,36.3,1.49,-14.09,否,无,-0.42,115.83,5.95,-0.14,-12.35,23.84,1.05,7.93,1.42,82.18,4.6117,2.19,5.1822,1.61,-1.64,54.24,1593217492
488,002603,002603.SZ,深,以岭药业,25.6,C-暂缓,22.0,20.0698,21.0822,23.77,-2.27,1.08,否,增速异常；经营现金流3Y为负,-14.51,-18.37,-20.14,-10.72,-9.7,64.28,16.37,12.1,9.5,19.69,0.2452,1491.59,1.1944,0.0,20.24,274.58,1776508378
489,600057,600057.SH,沪,厦门象屿,25.6,C-暂缓,6.0,13.5067,6.3445,33.23,2.64,3.87,否,股数膨胀>2%,-8.65,-19.55,17.51,-8.22,3.85,2.08,0.48,5.41,1.56,70.43,2.3818,3.19,4.5639,8.01,11.9,4.04,10097343713
490,603969,603969.SH,沪,银龙股份,25.6,C-暂缓,18.0,14.6282,14.7079,36.69,4.63,22.38,否,经营现金流3Y为负；FCF/NI<70%,9.18,56.15,-12.53,15.38,12.55,25.0,12.15,14.77,9.16,38.86,0.6356,21.03,0.2651,0.64,5.0,55.05,126676889
491,000680,000680.SZ,深,山推股份,25.5,C-暂缓,23.0,11.5477,11.6769,25.89,15.55,63.09,否,利润增速显著快于营收；应收增速>营收；FCF/NI<70%,13.51,24.04,27.13,27.38,32.69,21.48,8.31,20.23,6.5,66.04,1.9446,13.14,0.5888,-0.02,2.82,9.94,781122357
492,002014,002014.SZ,深,永新股份,25.5,C-暂缓,18.0,15.1546,16.2491,15.68,6.34,7.43,否,经营现金流3Y为负；FCF/NI<70%,4.06,6.23,-14.22,8.96,7.62,23.0,11.87,17.13,10.23,41.68,0.7147,47.55,0.3744,0.0,5.61,-6.18,343030281
493,603877,603877.SH,沪,太平鸟,25.5,C-暂缓,8.0,29.624,57.3332,30.75,-7.56,-24.54,否,应收增速>营收,-9.7,-2.1,23.86,1.16,-12.26,56.72,2.73,3.84,2.15,41.4,0.7065,4.47,2.4667,-0.38,-6.88,-32.6,757848184
494,600867,600867.SH,沪,通化东宝,25.4,C-暂缓,30.0,12.8438,40.4944,23.99,0.38,5.17,否,增速异常；经营现金流3Y为负；FCF/NI<70%,1.99,-8.87,-7.22,-1.07,2.5,70.33,40.62,17.72,15.66,10.1,0.1123,68.54,0.1443,-0.59,46.66,2813.33,689225250
495,600875,600875.SH,沪,东方电气,25.4,C-暂缓,24.0,21.2794,27.3772,42.2,16.09,15.66,否,经营现金流3Y为负；FCF/NI<70%；股数膨胀>2%,12.41,9.63,-37.9,14.61,12.35,15.94,5.04,8.69,2.6,70.39,2.3772,76.95,-0.5722,3.5,12.8,20.64,2014320913
496,300596,300596.SZ,创,利安隆,25.2,C-暂缓,18.0,17.9913,18.1656,23.34,19.39,10.34,否,经营现金流3Y为负；FCF/NI<70%,7.54,-3.44,-9.71,13.44,2.03,22.33,7.86,9.75,4.82,52.61,1.1101,9.08,0.2947,0.0,5.91,14.31,378209698
497,002928,002928.SZ,深,华夏航空,25.1,C-暂缓,20.0,11.5951,11.5251,50.72,9.52,-0.09,否,增速异常；FCF/NI<70%,41.3,nan,99.69,14.38,18.74,2.2,8.39,17.33,2.81,83.76,5.1576,2.3,0.5417,0.0,11.36,133.57,2521266162
498,601600,601600.SH,沪,中国铝业,25.1,C-暂缓,15.0,11.0206,11.2359,40.57,5.33,68.75,否,利润增速显著快于营收；应收增速>营收,-6.07,25.68,7.03,8.0,-0.94,18.03,8.93,18.35,9.72,46.01,0.8522,11.89,1.1667,-0.01,1.71,11.06,34092341000
499,000617,000617.SZ,深,中油资本,25.0,C-暂缓,16.0,19.1655,19.1417,49.01,2.33,-9.62,否,应收增速>营收；FCF/NI<70%,1.38,-5.6,nan,19.08,nan,34.5,26.98,4.82,0.82,83.03,4.8928,74.35,-2.1046,0.0,-13.39,-7.91,-18277767921
500,000625,000625.SZ,深,长安汽车,25.0,C-暂缓,18.0,22.8061,31.0925,48.92,14.16,-0.75,否,经营现金流3Y为负；FCF/NI<70%,10.59,-25.77,-31.32,11.0,56.96,15.54,1.93,3.93,1.54,59.61,1.4759,26.87,-0.6476,-0.03,2.67,-48.11,1835673359
501,300130,300130.SZ,创,新国都,25.0,C-暂缓,25.0,24.7059,27.9315,48.4,3.85,40.5,否,增速异常；利润增速显著快于营收；股数膨胀>2%,-9.69,118.58,17.0,-12.45,-14.53,34.36,14.65,10.84,7.87,28.36,0.3959,143.23,0.776,3.96,1.03,101.32,405586312
502,002605,002605.SZ,深,姚记科技,24.9,C-暂缓,18.0,15.6557,17.0948,43.87,0.97,-15.5,否,经营现金流3Y为负；FCF/NI<70%,-11.77,10.9,-5.29,-5.08,10.29,43.54,18.16,13.2,9.31,28.97,0.4079,16.86,0.6387,0.91,-17.8,-13.36,494742611
503,000885,000885.SZ,深,城发环境,24.8,C-暂缓,8.0,6.4854,8.5018,23.03,14.11,16.04,否,应收增速>营收,1.08,4.77,8.16,46.03,28.32,39.52,20.2,13.16,4.19,67.47,2.0741,4.31,0.7082,0.0,-0.72,7.86,2081555218
504,002299,002299.SZ,深,圣农发展,24.7,C-暂缓,20.0,20.4508,20.0238,19.96,7.89,-7.44,否,增速异常；应收增速>营收,6.11,50.65,44.09,16.27,-0.64,12.58,6.9,12.8,6.29,51.66,1.0687,10.11,1.5922,-0.02,8.12,93.88,4032265082
505,603659,603659.SH,沪,璞泰来,24.6,C-暂缓,26.0,18.8149,20.4197,35.79,24.37,29.08,否,增速异常；FCF/NI<70%；股数膨胀>2%,0.53,-7.81,30.15,6.84,-6.9,31.72,16.58,12.61,5.89,52.93,1.1245,12.92,0.4545,15.38,16.83,88.16,2697297972
506,300888,300888.SZ,创,稳健医疗,24.5,C-暂缓,16.0,21.9458,24.2236,33.39,-2.67,-26.6,否,经营现金流3Y为负；股数膨胀>2%,-1.19,-21.36,-17.66,3.73,8.95,47.64,7.44,6.74,4.42,33.21,0.4972,18.52,1.2967,10.94,21.96,9.91,1665676895
507,600332,600332.SH,沪,白云山,24.5,C-暂缓,8.0,13.2644,16.2162,24.92,4.72,-0.2,否,FCF/NI<70%,3.13,-10.39,nan,4.28,7.18,16.24,3.94,7.86,3.68,52.57,1.1084,9.84,-0.4417,0.0,3.55,2.0,-232460775
508,603013,603013.SH,沪,亚普股份,24.5,C-暂缓,18.0,14.7031,15.0465,46.42,0.61,1.74,否,经营现金流3Y为负；FCF/NI<70%,2.65,2.94,-1.2,7.18,6.33,15.1,6.45,12.58,8.33,32.65,0.4848,75.43,0.5293,-0.09,13.09,9.06,744791268
509,601901,601901.SH,沪,方正证券,24.3,C-暂缓,20.0,12.9828,14.2692,25.17,6.85,26.7,否,增速异常；FCF/NI<70%,10.54,21.1,nan,-34.74,nan,,37.24,7.8,1.48,81.16,4.3079,,0.244,0.0,36.08,80.54,1066319871
510,601163,601163.SH,沪,三角轮胎,24.2,C-暂缓,10.0,10.4569,13.1079,25.41,2.85,-2.73,否,经营现金流3Y为负,2.13,7.79,-16.54,7.23,1.84,20.02,9.4,6.74,4.77,28.35,0.3957,28.49,0.839,0.0,-3.3,-16.29,864389677
511,002074,002074.SZ,深,国轩高科,24.1,C-暂缓,27.0,21.1585,106.4212,46.1,46.3,73.18,否,增速异常；利润增速显著快于营收；FCF/NI<70%,25.04,84.29,65.38,23.55,8.51,16.17,5.08,6.85,1.95,70.99,2.4471,2.31,-2.8417,0.66,27.35,98.28,3624414967
512,000156,000156.SZ,深,华数传媒,24.0,C-暂缓,8.0,27.4746,41.9111,33.57,3.91,-12.95,否,应收增速>营收,-0.74,-16.17,6.58,8.87,0.82,29.51,5.18,3.09,1.63,47.5,0.9048,6.29,1.9513,0.0,-2.3,-12.22,1859846961
513,002332,002332.SZ,深,仙琚制药,24.0,C-暂缓,18.0,20.8961,28.3336,28.41,-1.33,-3.07,否,经营现金流3Y为负；FCF/NI<70%,-4.97,-15.4,-25.94,-1.69,0.89,61.19,12.04,7.56,6.35,16.21,0.1935,112.77,0.0865,0.0,-6.04,13.17,247478005
514,688169,688169.SH,科,石头科技,23.9,C-暂缓,32.0,21.3014,27.249,47.56,32.77,-0.09,否,应收增速>营收；经营现金流3Y为负；FCF/NI<70%；股数膨胀>2%,41.29,4.83,-11.62,50.57,56.43,42.35,7.29,10.14,7.34,28.76,0.4037,128.28,0.2156,40.37,56.51,-31.03,773566263
515,601966,601966.SH,沪,玲珑轮胎,23.8,C-暂缓,16.0,15.2625,17.9132,33.29,6.04,-9.22,否,应收增速>营收；FCF/NI<70%,13.16,67.4,138.69,23.42,6.95,17.03,5.55,6.11,2.9,51.22,1.05,5.96,0.1938,-0.3,11.72,-21.88,1988798172
516,601990,601990.SH,沪,南京证券,23.8,C-暂缓,14.0,26.3806,26.2138,27.51,3.47,5.83,否,FCF/NI<70%；股数膨胀>2%,11.79,18.53,nan,-18.09,nan,,38.58,5.2,1.34,74.36,2.9002,,-3.1474,6.07,-10.86,7.27,-3318737384
517,603296,603296.SH,沪,华勤技术,23.6,C-暂缓,22.0,27.7629,35.8921,38.24,23.42,13.38,否,应收增速>营收；FCF/NI<70%；股数膨胀>2%,22.77,18.09,nan,33.69,33.03,7.97,2.39,16.66,4.76,72.62,2.6523,14.13,-0.8838,18.43,56.02,40.87,-223312778
518,000830,000830.SZ,深,鲁西化工,23.4,C-暂缓,10.0,24.3416,31.6449,45.37,10.62,1.94,否,经营现金流3Y为负,-1.35,-33.98,-5.91,1.63,4.26,10.97,3.12,4.79,2.52,46.54,0.8706,6.42,2.8122,-0.27,-2.08,-55.28,4261621926
519,600096,600096.SH,沪,云天化,23.3,C-暂缓,17.0,10.1492,10.431,34.96,-1.46,69.35,否,利润增速显著快于营收；经营现金流3Y为负,-13.7,-7.94,-4.86,-23.08,-4.72,20.21,11.36,21.47,10.79,47.17,0.8929,18.26,1.2383,-0.21,-21.32,-9.02,9087217376
520,600196,600196.SH,沪,复星医药,23.3,C-暂缓,16.0,18.0966,25.8882,28.82,6.57,1.52,否,应收增速>营收；FCF/NI<70%,-1.77,2.48,7.32,7.26,-3.15,50.07,10.2,6.98,3.58,48.49,0.9414,4.8,0.1993,-0.02,1.45,20.94,5213226878
521,601236,601236.SH,沪,红塔证券,23.3,C-暂缓,8.0,28.4825,29.1304,33.27,-15.31,-3.38,否,FCF/NI<70%,42.78,290.25,nan,34.89,nan,,50.22,4.88,2.02,58.89,1.4325,,-0.9264,0.0,20.38,60.37,-1038188869
522,000792,000792.SZ,深,盐湖股份,23.0,C-暂缓,29.0,14.7185,15.0187,30.75,2.03,34.8,否,增速异常；利润增速显著快于营收；经营现金流3Y为负,-20.41,-23.11,-16.55,-34.74,-11.88,57.86,57.72,20.45,17.62,14.15,0.1648,347.57,0.9538,-0.87,2.43,82.06,10160860737
523,600338,600338.SH,沪,西藏珠峰,23.0,C-暂缓,37.0,22.3595,22.1957,51.03,16.49,80.56,否,增速异常；利润增速显著快于营收；经营现金流3Y为负；FCF/NI<70%,7.2,7.63,-8.03,-29.57,-5.08,53.36,20.2,11.89,7.49,34.02,0.5156,23.22,0.1205,0.0,48.22,127.15,601084203
524,000061,000061.SZ,深,农产品,22.8,C-暂缓,22.0,26.0818,50.4824,47.61,15.51,3.55,否,应收增速>营收；FCF/NI<70%；股数膨胀>2%,14.46,17.15,1.95,26.52,4.94,22.28,8.06,5.48,2.3,53.76,1.1626,5.22,-0.7821,5.36,16.0,-5.82,907421666
525,601857,601857.SH,沪,中国石油,22.8,C-暂缓,7.0,12.9061,12.4468,18.19,8.17,38.72,否,利润增速显著快于营收,-4.01,1.61,1.56,2.66,-3.54,21.59,6.0,9.8,6.16,36.37,0.5716,13.43,0.7061,0.0,-2.5,-6.39,412510000000
526,600557,600557.SH,沪,康缘药业,22.7,C-暂缓,18.0,22.7752,32.9393,40.3,1.67,2.32,否,经营现金流3Y为负；FCF/NI<70%,-8.87,-11.41,-15.05,-13.89,9.7,71.44,9.33,6.32,4.46,26.96,0.3691,24.72,0.2956,-1.06,-15.52,-19.33,610592172
527,000989,000989.SZ,深,九芝堂,22.6,C-暂缓,18.0,23.5182,27.0276,30.09,-8.93,-0.77,否,应收增速>营收；经营现金流3Y为负,-9.76,-9.87,-5.12,4.82,8.24,59.93,11.64,6.44,4.88,24.33,0.3215,292.77,1.4894,0.0,-5.99,20.63,426268967
528,001309,001309.SZ,深,德明利,22.5,C-暂缓,26.0,22.9474,23.0972,57.64,66.84,54.92,否,增速异常；FCF/NI<70%；股数膨胀>2%,108.48,117.25,nan,21.98,110.62,14.81,6.38,23.93,7.9,69.87,2.319,5.93,-3.9727,41.44,126.07,96.24,-2240893168
529,601211,601211.SH,沪,国泰海通,22.5,C-暂缓,26.0,9.4508,9.0888,22.24,12.38,19.97,否,增速异常；应收增速>营收；股数膨胀>2%,21.17,35.9,16.94,47.97,nan,,46.22,11.14,1.84,83.63,5.1087,,2.7517,25.56,45.42,115.3,81138252377
530,600535,600535.SH,沪,天士力,22.4,C-暂缓,18.0,18.2873,21.8884,15.38,-9.51,-0.53,否,应收增速>营收；经营现金流3Y为负,-1.4,nan,-14.57,7.85,-1.99,66.85,12.89,8.61,7.0,18.2,0.2225,40.6,0.9888,-0.13,-3.08,23.55,1424751577
531,000739,000739.SZ,深,普洛药业,22.2,C-暂缓,10.0,28.2386,32.2684,16.62,4.42,1.75,否,经营现金流3Y为负,-2.47,-3.44,-2.74,0.89,-3.84,26.36,9.1,13.6,7.11,48.48,0.941,41.14,0.9734,-0.57,-18.62,-13.6,1220201281
532,600583,600583.SH,沪,海油工程,22.2,C-暂缓,15.0,13.025,15.3275,29.82,8.74,42.02,否,利润增速显著快于营收；应收增速>营收,-2.56,13.36,2.74,6.11,-18.68,13.85,7.77,7.42,4.33,41.83,0.7191,109.86,1.1868,0.0,-9.32,-3.42,3593731100
533,600711,600711.SH,沪,盛屯矿业,22.1,C-暂缓,15.0,13.7853,11.4025,35.4,-5.22,56.12,否,利润增速显著快于营收；FCF/NI<70%,5.77,41.45,66.69,-4.93,16.54,19.12,6.6,11.44,4.91,58.84,1.4295,4.38,0.2189,-0.54,16.6,-12.45,2591717457
534,000528,000528.SZ,深,柳工,21.9,C-暂缓,8.0,10.526,12.0212,37.93,7.58,0.93,否,FCF/NI<70%,7.77,29.63,1.59,14.28,6.64,22.41,4.25,7.27,2.89,60.3,1.5189,5.72,0.298,1.36,10.25,1.6,1005334551
535,601318,601318.SH,沪,中国平安,21.9,C-暂缓,8.0,6.0637,6.1175,28.75,-2.92,-0.13,否,应收增速>营收,-1.84,13.79,10.67,6.54,nan,,15.07,11.64,1.18,89.81,8.8135,,4.1123,-0.32,2.1,7.88,658632000000
536,603890,603890.SH,沪,春秋电子,21.9,C-暂缓,8.0,26.4449,31.1392,44.54,4.16,2.5,否,FCF/NI<70%,4.54,27.58,3.89,11.4,7.74,19.54,6.36,9.01,4.69,45.44,0.8328,5.82,0.6359,1.27,11.34,64.84,385027193
537,000537,000537.SZ,深,绿发电力,21.8,C-暂缓,14.0,24.5865,21.9261,44.77,-24.35,-11.22,否,FCF/NI<70%；股数膨胀>2%,12.57,18.7,nan,4.95,nan,47.1,24.94,4.8,1.29,73.81,2.8183,2.91,-5.3161,3.53,27.41,3.1,4908820404
538,002237,002237.SZ,深,恒邦股份,21.8,C-暂缓,22.0,22.0673,30.1678,34.42,25.53,11.29,否,应收增速>营收；FCF/NI<70%；股数膨胀>2%,30.96,10.17,nan,52.95,30.84,2.03,0.55,5.45,2.03,64.0,1.7778,2.8,-5.274,7.6,48.28,20.23,-2004810606
539,300456,300456.SZ,创,赛微电子,21.7,C-暂缓,35.0,16.1665,-59.859,54.18,1.5,49.26,否,增速异常；利润增速显著快于营收；应收增速>营收；FCF/NI<70%,1.6,nan,nan,14.01,3.63,35.5,168.48,22.38,17.41,21.46,0.2732,45.44,-0.1074,-0.05,-31.59,643.94,-13906760
540,600713,600713.SH,沪,南京医药,21.7,C-暂缓,8.0,10.9357,16.1705,21.8,6.66,12.12,否,FCF/NI<70%,3.05,5.16,nan,-3.58,6.06,6.15,1.51,10.38,2.68,73.74,2.8081,4.68,0.1316,-0.04,2.36,12.05,91808929
541,601369,601369.SH,沪,陕鼓动力,21.7,C-暂缓,8.0,21.7442,23.7129,30.44,3.16,2.63,否,FCF/NI<70%,-4.35,-7.03,1.11,0.42,-8.41,19.74,8.98,8.79,3.43,59.79,1.4869,9.99,0.5523,-0.08,-8.32,-26.13,941484672
542,603589,603589.SH,沪,口子窖,21.7,C-暂缓,16.0,28.9323,30.1346,47.08,-0.1,-12.0,否,应收增速>营收；FCF/NI<70%,-8.06,-24.27,nan,73.07,15.3,69.11,16.87,6.44,5.11,18.18,0.2222,1356.17,-0.5892,-0.1,-33.65,-59.32,-216175036
543,600251,600251.SH,沪,冠农股份,21.6,C-暂缓,18.0,17.6219,18.3766,21.95,-1.91,0.4,否,经营现金流3Y为负；FCF/NI<70%,1.39,17.25,-50.33,-20.09,-1.06,8.78,14.38,9.28,4.96,46.87,0.8822,12.18,0.0784,-0.17,-34.89,46.89,125519583
544,600803,600803.SH,沪,新奥股份,21.5,C-暂缓,18.0,12.4308,13.2314,28.68,8.34,4.97,否,经营现金流3Y为负；FCF/NI<70%,-5.16,-3.39,-1.67,-8.78,0.54,13.92,7.59,16.12,7.46,53.21,1.1372,13.79,0.6176,-0.02,-3.24,0.41,14266510000
545,300409,300409.SZ,创,道氏技术,21.4,C-暂缓,25.0,25.3766,25.8804,50.83,19.73,57.72,否,增速异常；利润增速显著快于营收；股数膨胀>2%,5.93,96.72,nan,-18.5,8.65,22.61,6.89,7.14,3.95,40.93,0.6929,6.23,1.3313,10.4,5.22,192.75,1073972507
546,601059,601059.SH,沪,信达证券,21.4,C-暂缓,16.0,27.1061,26.5512,24.2,5.04,17.92,否,经营现金流3Y为负；股数膨胀>2%,5.56,13.97,-36.65,-3.65,nan,,48.25,7.34,1.65,77.87,3.5188,,0.9725,3.57,22.86,37.93,1944687704
547,002164,002164.SZ,深,宁波东力,21.2,C-暂缓,20.0,27.073,89.6417,40.15,3.48,-33.1,否,增速异常；FCF/NI<70%,-0.0,-15.8,nan,1.75,-1.66,23.75,13.34,13.3,7.74,41.63,0.7132,30.47,-0.3918,0.0,0.44,325.83,168184168
548,002533,002533.SZ,深,金杯电工,21.1,C-暂缓,26.0,13.2703,15.6219,32.41,21.12,22.01,否,应收增速>营收；经营现金流3Y为负；FCF/NI<70%,15.46,18.53,-24.72,28.19,20.91,10.23,3.43,14.7,6.19,58.0,1.381,13.49,0.0586,0.0,15.01,9.3,294830037
549,600098,600098.SH,沪,广州发展,21.0,C-暂缓,8.0,9.1056,25.2125,26.59,9.92,17.82,否,FCF/NI<70%,2.03,28.42,14.55,6.65,16.83,8.74,4.87,8.33,3.12,63.39,1.7315,4.37,-0.0475,-0.36,5.29,26.87,5621009169
550,600312,600312.SH,沪,平高电气,20.9,C-暂缓,25.0,21.049,21.7642,23.08,5.06,55.12,否,利润增速显著快于营收；经营现金流3Y为负；FCF/NI<70%,10.51,59.95,-16.59,5.34,5.18,23.92,9.82,10.82,5.6,46.81,0.8801,744.39,0.4171,0.0,0.93,9.87,810660128
551,001323,001323.SZ,深,慕思股份,20.7,C-暂缓,24.0,15.8254,22.6609,44.99,3.26,-0.3,否,经营现金流3Y为负；FCF/NI<70%；股数膨胀>2%,-3.48,-9.34,-15.9,-21.04,9.31,51.34,10.1,11.79,6.9,41.72,0.7159,31.19,0.3093,2.84,-6.71,-31.17,385100574
552,002440,002440.SZ,深,闰土股份,20.7,C-暂缓,22.0,17.1679,29.8555,25.23,1.85,-2.13,否,增速异常；经营现金流3Y为负,-2.95,2.5,-9.93,1.73,1.07,19.43,11.85,6.85,5.9,11.81,0.1339,69.64,0.9184,-0.77,0.61,198.93,645422131
553,002941,002941.SZ,深,新疆交建,20.7,C-暂缓,21.0,16.1849,19.9211,52.38,5.73,32.42,否,利润增速显著快于营收；FCF/NI<70%；股数膨胀>2%,6.06,12.24,158.94,-1.03,15.45,10.99,5.21,8.67,2.35,71.16,2.4674,3.39,-1.9939,4.2,37.43,49.97,931535928
554,603416,603416.SH,沪,信捷电气,20.7,C-暂缓,32.0,27.1288,29.6581,34.04,12.16,-5.18,否,应收增速>营收；经营现金流3Y为负；FCF/NI<70%；股数膨胀>2%,14.68,4.61,-19.72,65.08,4.1,37.49,12.62,10.14,7.32,27.25,0.3746,903.25,0.0816,3.79,17.87,11.2,92796960
555,600633,600633.SH,沪,浙数文化,20.5,C-暂缓,18.0,25.9426,31.8084,42.89,-2.73,-4.49,否,应收增速>营收；经营现金流3Y为负,-15.93,0.46,-15.57,32.82,85.93,49.32,18.3,5.07,4.45,13.61,0.1575,50.24,0.7814,0.06,-0.5,4.09,619727152
556,601677,601677.SH,沪,明泰铝业,20.5,C-暂缓,22.0,8.5159,9.2646,16.9,16.56,12.46,否,应收增速>营收；FCF/NI<70%；股数膨胀>2%,8.14,6.14,nan,35.38,13.2,7.08,5.59,10.61,7.79,28.44,0.3974,100.0,0.3583,8.64,8.71,12.17,1438277162
557,002752,002752.SZ,深,昇兴股份,20.4,C-暂缓,17.0,15.8643,16.854,37.93,19.83,123.8,否,利润增速显著快于营收；经营现金流3Y为负,1.42,12.33,-7.99,3.04,5.08,11.03,4.25,8.64,3.88,54.07,1.1772,9.7,0.9002,0.0,0.61,-28.25,560307175
558,601728,601728.SH,沪,中国电信,20.2,C-暂缓,18.0,19.7742,21.7137,16.28,6.09,9.52,否,应收增速>营收；经营现金流3Y为负,3.32,6.28,-3.19,27.82,-0.78,29.08,6.34,7.18,3.82,46.22,0.8594,20.89,1.6062,0.0,0.07,0.75,124518913221
559,600273,600273.SH,沪,嘉化能源,20.1,C-暂缓,26.0,14.1179,14.0294,44.98,12.83,-5.39,否,应收增速>营收；经营现金流3Y为负；FCF/NI<70%,-3.99,-14.8,-19.04,5.02,-5.12,14.81,9.7,9.72,7.47,23.62,0.3092,37.74,0.568,-1.08,11.21,-1.75,816468399
560,002073,002073.SZ,深,软控股份,20.0,C-暂缓,25.0,15.4868,18.7217,36.27,21.98,45.26,否,利润增速显著快于营收；经营现金流3Y为负；FCF/NI<70%,13.21,26.67,-1.29,13.55,20.44,22.12,5.68,7.27,2.41,67.28,2.0562,9.36,0.1556,1.84,15.95,-17.93,368131614
561,000997,000997.SZ,深,新大陆,19.8,C-暂缓,26.0,19.023,18.6744,41.71,4.4,17.62,否,应收增速>营收；经营现金流3Y为负；FCF/NI<70%,5.92,nan,-22.13,23.66,0.75,33.54,12.91,15.1,8.28,47.13,0.8914,83.27,0.3655,-0.62,13.08,-0.02,493436104
562,300041,300041.SZ,创,回天新材,19.8,C-暂缓,26.0,24.7557,32.3678,36.65,15.44,0.53,否,增速异常；FCF/NI<70%；股数膨胀>2%,6.1,-8.0,31.67,11.98,-4.36,23.61,5.1,7.48,3.4,52.86,1.1213,5.32,0.5349,9.09,11.21,117.92,304954510
563,601900,601900.SH,沪,南方传媒,19.8,C-暂缓,18.0,9.7153,10.6113,30.23,4.6,9.14,否,应收增速>营收；经营现金流3Y为负,-1.57,3.91,-10.89,8.44,-9.6,36.22,13.8,12.79,6.78,46.01,0.8522,62.33,0.8272,-0.52,-5.85,26.74,1715533304
564,601881,601881.SH,沪,中国银河,19.3,C-暂缓,16.0,10.2914,10.2939,37.36,3.57,11.36,否,经营现金流3Y为负；股数膨胀>2%,-5.6,17.28,-6.8,-4.88,nan,,44.24,8.69,1.57,82.73,4.7904,,1.9256,2.56,-20.21,24.81,24935995656
565,601921,601921.SH,沪,浙版传媒,18.9,C-暂缓,18.0,12.9728,16.5396,21.77,1.46,2.31,否,经营现金流3Y为负；FCF/NI<70%,-3.64,-3.06,-27.38,-0.65,-6.78,29.34,12.24,9.17,6.02,31.8,0.4663,434.48,0.51,0.0,-5.8,18.71,850417776
566,300444,300444.SZ,创,双杰电气,18.5,C-暂缓,33.0,17.0078,259.5018,47.83,31.46,55.77,否,增速异常；利润增速显著快于营收；FCF/NI<70%；股数膨胀>2%,36.95,nan,nan,31.22,28.06,15.19,3.89,10.55,2.57,76.08,3.1806,3.5,-0.8151,3.26,39.23,110.64,5263869
567,600021,600021.SH,沪,上海电力,18.5,C-暂缓,16.0,15.3849,16.7664,57.02,11.58,22.59,否,应收增速>营收；FCF/NI<70%,2.25,49.42,2.5,23.65,-9.66,25.75,12.64,9.08,2.67,69.32,2.2595,3.08,-0.8618,0.05,-2.05,27.13,13076133546
568,002448,002448.SZ,深,中原内配,18.4,C-暂缓,38.0,15.1178,18.1507,28.99,16.59,25.41,否,增速异常；应收增速>营收；经营现金流3Y为负；FCF/NI<70%,19.44,39.81,-25.01,32.59,14.23,27.36,11.95,11.49,7.55,35.77,0.5569,26.05,-0.0107,0.0,18.49,99.76,197963980
569,600872,600872.SH,沪,中炬高新,18.3,C-暂缓,18.0,20.4842,22.2417,17.29,-3.9,-11.13,否,应收增速>营收；经营现金流3Y为负,-7.7,nan,-1.73,71.94,-4.86,39.17,12.82,9.16,6.61,25.68,0.3455,48.87,0.9226,-0.29,-23.9,-43.85,643049857
570,000623,000623.SZ,深,吉林敖东,18.2,C-暂缓,18.0,7.8306,8.3258,18.61,0.73,6.9,否,经营现金流3Y为负；FCF/NI<70%,-6.62,9.45,-13.72,-1.06,-2.84,48.19,101.12,7.85,7.0,10.26,0.1143,47.17,0.0631,0.93,-10.55,55.43,272258821
571,000531,000531.SZ,深,穗恒运A,18.1,C-暂缓,14.0,14.632,28.5497,34.58,3.65,-22.23,否,FCF/NI<70%；股数膨胀>2%,1.74,nan,nan,-6.06,-7.64,15.83,6.13,3.44,1.38,58.03,1.3827,2.18,0.1084,8.2,-3.66,29.19,847182125
572,300226,300226.SZ,创,上海钢联,17.7,C-暂缓,14.0,27.4783,45.783,52.99,3.85,0.16,否,FCF/NI<70%；股数膨胀>2%,-2.63,2.31,nan,-25.9,19.97,1.34,0.52,8.77,1.38,86.7,6.5188,74.56,-1.2043,6.04,-13.08,24.89,-440845151
573,002241,002241.SZ,深,歌尔股份,17.6,C-暂缓,18.0,20.8361,53.2144,42.48,10.83,6.09,否,经营现金流3Y为负；FCF/NI<70%,-2.73,28.87,-6.27,-2.62,-8.99,11.8,3.97,10.75,4.42,58.85,1.4301,6.85,0.0851,1.22,-4.36,48.2,6848877206
574,601801,601801.SH,沪,皖新传媒,17.6,C-暂缓,18.0,14.3612,18.1211,24.55,-1.57,4.49,否,应收增速>营收；经营现金流3Y为负,-11.86,2.85,-9.88,4.97,-12.74,24.16,9.95,6.75,4.14,37.64,0.6036,11.68,1.3366,-0.53,-25.56,11.03,1262511351
575,600362,600362.SH,沪,江西铜业,17.5,C-暂缓,16.0,19.8617,16.2073,35.13,11.32,25.03,否,应收增速>营收；FCF/NI<70%,4.3,7.04,nan,14.08,21.45,4.4,1.37,8.21,3.63,56.95,1.3229,4.35,-1.5268,0.0,4.55,0.6,-6914101315
576,688778,688778.SH,科,厦钨新能,17.4,C-暂缓,14.0,24.6567,25.65,55.27,20.0,24.37,否,FCF/NI<70%；股数膨胀>2%,-11.57,-12.82,nan,-6.68,26.73,9.96,3.77,7.93,4.05,56.29,1.2878,45.49,0.5593,18.86,49.51,53.33,1224012462
577,600873,600873.SH,沪,梅花生物,17.3,C-暂缓,26.0,10.006,21.1598,41.39,7.26,26.69,否,应收增速>营收；经营现金流3Y为负；FCF/NI<70%,-4.66,-9.36,-10.83,19.21,-9.44,19.0,13.55,21.22,13.2,36.92,0.5853,71.21,0.5877,-2.68,-3.43,19.72,4009259646
578,601788,601788.SH,沪,光大证券,17.3,C-暂缓,18.0,15.3644,16.0973,34.27,-7.32,8.79,否,应收增速>营收；经营现金流3Y为负,0.22,5.06,-8.79,11.22,nan,,34.63,5.29,1.23,77.11,3.3687,,3.6326,0.0,13.06,21.78,13906584557
579,000581,000581.SZ,深,威孚高科,17.1,C-暂缓,16.0,15.3625,23.7995,33.5,-1.37,-17.17,否,应收增速>营收；FCF/NI<70%,-1.88,79.3,nan,11.55,2.49,17.33,9.15,5.32,3.79,29.69,0.4223,50.21,0.0717,-1.4,7.67,-35.9,992727023
580,600346,600346.SH,沪,恒力石化,17.1,C-暂缓,8.0,11.8277,14.7775,30.78,5.7,-12.12,否,应收增速>营收,-3.3,45.05,6.24,19.87,-14.42,13.14,3.52,10.87,2.64,74.53,2.9262,3.24,3.3994,0.0,-14.94,0.3,31121788543
581,600685,600685.SH,沪,中船防务,17.1,C-暂缓,20.0,29.65,32.8074,33.62,12.1,-20.69,否,增速异常；FCF/NI<70%,17.1,17.03,nan,7.93,25.12,10.06,5.54,5.31,2.08,61.28,1.5826,8.34,-0.5319,0.0,5.9,141.82,-322225535
582,603713,603713.SH,沪,密尔克卫,17.1,C-暂缓,16.0,17.583,19.3283,21.08,31.23,20.8,否,应收增速>营收；FCF/NI<70%,4.83,6.11,7.07,22.45,49.01,11.54,5.59,14.8,4.29,74.47,2.917,6.53,0.424,-1.29,10.04,13.95,751969286
583,002202,002202.SZ,深,金风科技,16.8,C-暂缓,18.0,26.0349,27.2274,48.18,5.35,0.4,否,经营现金流3Y为负；FCF/NI<70%,16.29,7.47,-15.54,10.02,19.67,14.18,4.14,6.9,1.88,71.66,2.5286,4.38,-1.2553,0.0,28.79,62.93,3543478540
584,688036,688036.SH,科,传音控股,16.6,C-暂缓,32.0,21.1859,26.0497,44.89,11.66,-0.55,否,应收增速>营收；经营现金流3Y为负；FCF/NI<70%；股数膨胀>2%,12.07,1.84,-10.48,42.51,13.53,19.15,3.97,12.71,5.83,53.48,1.1496,43.22,0.1696,12.71,-4.55,-53.46,1420209653
585,002537,002537.SZ,深,海联金汇,16.1,C-暂缓,20.0,22.409,35.6348,51.02,1.71,7.15,否,增速异常；应收增速>营收,-4.25,48.34,86.24,8.8,-6.97,15.69,4.34,7.15,3.43,51.71,1.0708,8.91,1.6269,0.0,-8.05,762.31,652185495
586,603045,603045.SH,沪,福达合金,16.1,C-暂缓,20.0,26.3483,26.6397,39.78,16.93,19.21,否,增速异常；FCF/NI<70%,31.96,52.9,nan,38.88,18.95,9.12,2.11,10.39,3.77,65.8,1.924,2.89,-3.3048,-0.53,30.85,133.21,-296292341
587,000878,000878.SZ,深,云南铜业,16.0,C-暂缓,16.0,28.3724,37.1881,43.74,15.27,18.06,否,应收增速>营收；FCF/NI<70%,9.99,-11.11,nan,23.42,33.87,3.16,1.04,9.56,3.58,66.55,1.9895,4.26,-2.8692,0.0,0.86,-2.65,-3766163442
588,603225,603225.SH,沪,新凤鸣,15.9,C-暂缓,16.0,29.5557,27.9392,17.23,14.11,11.08,否,应收增速>营收；FCF/NI<70%,12.11,nan,13.98,22.95,16.43,5.31,1.43,5.76,1.85,68.26,2.1506,2.32,-2.5459,-0.11,6.66,-7.33,4717003471
589,600894,600894.SH,沪,广日股份,15.7,C-暂缓,16.0,9.2297,9.9495,30.8,1.36,0.26,否,应收增速>营收；FCF/NI<70%,0.85,12.88,2.52,17.96,-4.92,15.57,9.96,7.78,4.84,38.43,0.6242,146.3,0.2121,-0.32,-0.2,-9.23,350669162
590,688525,688525.SH,科,佰维存储,15.7,C-暂缓,33.0,28.5316,29.5194,53.78,47.09,98.26,否,增速异常；利润增速显著快于营收；FCF/NI<70%；股数膨胀>2%,55.85,127.53,nan,44.32,59.09,21.44,7.42,21.12,7.14,64.47,1.8145,6.51,-4.155,2.64,68.82,520.25,-1965464753
591,600104,600104.SH,沪,上汽集团,15.6,C-暂缓,20.0,11.531,15.8613,50.85,-2.43,-9.78,否,增速异常；应收增速>营收,-4.1,-8.6,53.4,9.26,-3.47,10.09,2.66,4.93,1.82,62.37,1.6575,7.42,0.8378,-0.54,4.57,199.04,34306601906
592,600388,600388.SH,沪,紫金龙净,15.5,C-暂缓,22.0,18.4009,19.5727,16.01,3.12,9.29,否,应收增速>营收；FCF/NI<70%；股数膨胀>2%,-0.02,11.06,24.69,10.31,-13.51,25.17,9.33,10.32,4.02,60.65,1.5413,12.71,0.4408,5.83,18.49,34.67,1618033813
593,600927,600927.SH,沪,永安期货,15.3,C-暂缓,15.0,22.3334,22.3088,24.06,-40.81,-10.67,否,利润增速显著快于营收；FCF/NI<70%,-62.39,-1.04,nan,nan,nan,,35.22,5.0,0.86,84.01,5.2539,100.0,-7.7222,0.0,-91.49,13.34,-4988097532
594,000543,000543.SZ,深,皖能电力,15.2,C-暂缓,16.0,7.7925,8.0087,26.76,10.26,19.29,否,应收增速>营收；FCF/NI<70%,4.0,160.36,23.4,20.08,7.17,16.27,11.75,12.97,4.69,62.72,1.6824,5.67,0.6701,0.0,-9.26,7.2,5390412752
595,000933,000933.SZ,深,神火股份,15.2,C-暂缓,25.0,8.4244,8.4635,34.7,17.0,78.5,否,利润增速显著快于营收；应收增速>营收；经营现金流3Y为负,-1.16,-18.97,-14.65,15.7,8.28,23.36,11.07,16.82,9.18,42.19,0.7298,20.9,1.7485,-0.03,7.47,-4.89,8743217688
596,002541,002541.SZ,深,鸿路钢构,15.1,C-暂缓,16.0,21.6826,30.3168,20.08,10.41,-4.66,否,应收增速>营收；FCF/NI<70%,3.6,-18.49,29.94,12.38,10.84,9.85,2.85,6.43,2.36,64.38,1.8074,3.27,0.1701,0.0,2.57,-18.48,1365746505
597,002594,002594.SZ,深,比亚迪,15.1,C-暂缓,24.0,29.941,32.4461,22.4,38.7,41.21,否,经营现金流3Y为负；FCF/NI<70%；股数膨胀>2%,23.77,23.99,-25.12,-1.59,20.5,17.74,4.2,14.77,4.05,70.74,2.4176,15.62,-2.8309,46.31,3.46,-18.82,59135544000
598,000100,000100.SZ,深,TCL科技,15.0,C-暂缓,26.0,20.6748,33.8159,19.65,19.11,-46.9,否,增速异常；应收增速>营收；股数膨胀>2%,3.4,-50.73,33.68,16.39,0.68,13.15,0.12,0.16,0.06,64.23,1.7956,0.96,130.4877,6.81,11.67,105.15,44021698000
599,000685,000685.SZ,深,中山公用,15.0,C-暂缓,26.0,7.4676,7.8073,25.76,16.13,6.81,否,应收增速>营收；经营现金流3Y为负；FCF/NI<70%,8.42,21.4,-0.47,34.59,-10.47,22.87,40.67,10.11,5.44,47.33,0.8986,7.28,-0.3527,0.0,-18.78,54.87,297655047
600,600030,600030.SH,沪,中信证券,15.0,C-暂缓,18.0,10.6732,10.5037,16.63,6.6,14.85,否,应收增速>营收；经营现金流3Y为负,4.76,11.83,-1.91,27.4,nan,,41.42,9.93,1.64,84.35,5.3898,,2.3419,0.0,17.35,37.26,74104321266
601,600150,600150.SH,沪,中国船舶,15.0,C-暂缓,33.0,21.9377,25.9266,22.43,22.43,110.25,否,增速异常；利润增速显著快于营收；FCF/NI<70%；股数膨胀>2%,36.65,129.26,nan,32.23,32.55,12.58,6.92,7.27,2.55,64.42,1.8106,11.88,0.4886,18.94,93.39,172.52,7766831729
602,000683,000683.SZ,深,博源化工,14.7,C-暂缓,25.0,21.7615,17.3293,39.5,9.42,63.53,否,利润增速显著快于营收；经营现金流3Y为负；FCF/NI<70%,3.2,-22.62,-7.65,-24.05,-7.39,30.46,12.24,8.17,4.02,55.98,1.2717,7.95,-0.5113,0.87,-8.97,-48.56,2559844674
603,001287,001287.SZ,深,中电港,14.7,C-暂缓,22.0,28.3187,26.1152,29.63,20.28,-2.3,否,应收增速>营收；FCF/NI<70%；股数膨胀>2%,14.81,-10.81,nan,27.48,8.51,3.24,0.43,5.35,1.01,81.91,4.5279,1.65,-4.4242,10.06,34.72,19.9,-1184404198
604,000913,000913.SZ,深,钱江摩托,14.5,C-暂缓,29.0,6.9486,32.4443,42.06,8.43,37.67,否,利润增速显著快于营收；应收增速>营收；FCF/NI<70%；股数膨胀>2%,-1.4,34.82,nan,10.56,9.11,25.16,17.98,19.14,9.63,45.86,0.8471,54.78,-0.9775,3.94,-10.22,44.88,-403081378
605,600846,600846.SH,沪,同济科技,14.5,C-暂缓,10.0,28.7305,29.544,37.56,-6.76,-19.85,否,经营现金流3Y为负,4.05,-8.09,-21.97,11.48,17.6,13.33,6.49,6.72,2.28,66.7,2.003,11.38,3.2259,0.0,6.44,-30.08,948346371
606,601512,601512.SH,沪,中新集团,14.5,C-暂缓,20.0,12.5339,12.7773,32.87,-1.2,-5.54,否,增速异常；应收增速>营收,-12.16,-17.69,6.53,-1.15,-1.25,44.24,37.87,6.17,3.39,44.52,0.8025,7.16,0.7051,0.0,19.71,95.11,1406780224
607,600056,600056.SH,沪,中国医药,14.4,C-暂缓,10.0,28.1406,35.0563,26.28,-2.1,-13.41,否,经营现金流3Y为负,-2.02,-8.75,-4.67,2.54,-0.06,10.5,1.91,4.7,1.84,61.04,1.5667,5.9,1.657,0.0,3.55,-1.75,1425879279
608,600888,600888.SH,沪,新疆众和,14.0,C-暂缓,18.0,20.0683,22.7867,40.68,6.67,13.52,否,经营现金流3Y为负；FCF/NI<70%,0.68,-24.89,-29.65,5.32,7.42,8.98,8.39,5.52,3.29,42.67,0.7443,8.55,-4.9967,1.38,7.83,-45.04,373449313
609,603281,603281.SH,沪,江瀚新材,14.0,C-暂缓,24.0,25.9747,27.1111,55.93,6.4,6.17,否,经营现金流3Y为负；FCF/NI<70%；股数膨胀>2%,-17.52,-26.19,-31.02,-11.93,-9.89,27.22,22.51,8.59,7.93,8.52,0.0931,611.44,0.6809,23.13,-16.14,-30.54,433765051
610,603507,603507.SH,沪,振江股份,14.0,C-暂缓,22.0,27.3509,36.4165,53.71,15.51,15.4,否,应收增速>营收；FCF/NI<70%；股数膨胀>2%,11.0,3.12,nan,28.44,17.13,20.87,2.92,4.58,1.46,71.69,2.5323,1.81,-10.5515,8.92,0.65,-35.22,-143372778
611,605009,605009.SH,沪,豪悦护理,13.9,C-暂缓,32.0,21.7994,22.4145,44.78,7.71,-17.36,否,应收增速>营收；经营现金流3Y为负；FCF/NI<70%；股数膨胀>2%,10.26,-18.14,-26.26,21.07,13.48,31.51,6.18,6.91,4.66,33.14,0.4957,17.96,-1.3233,11.48,28.22,-40.14,237549096
612,300358,300358.SZ,创,楚天科技,13.6,C-暂缓,26.0,19.4427,27.2285,34.26,10.01,4.35,否,增速异常；应收增速>营收；股数膨胀>2%,-3.66,-24.24,215.52,17.82,-2.0,32.23,4.32,5.03,1.88,57.66,1.3618,4.34,2.275,7.54,-1.14,154.03,778927922
613,000544,000544.SZ,深,中原环保,13.5,C-暂缓,16.0,6.6246,7.0141,24.37,20.84,16.16,否,应收增速>营收；FCF/NI<70%,-3.77,31.63,nan,88.33,-8.93,46.81,19.76,9.63,2.57,73.43,2.7636,2.56,-1.7457,0.0,1.77,2.16,565688707
614,600546,600546.SH,沪,山煤国际,13.5,C-暂缓,17.0,19.5429,18.2563,16.02,-10.39,12.55,否,利润增速显著快于营收；经营现金流3Y为负,-23.87,-46.44,-37.12,-48.23,-5.33,35.61,8.25,8.62,4.23,51.21,1.0496,12.14,1.2706,0.0,-30.75,-46.51,3355765385
615,002101,002101.SZ,深,广东鸿图,13.4,C-暂缓,32.0,18.2745,19.8828,42.46,10.45,13.35,否,应收增速>营收；经营现金流3Y为负；FCF/NI<70%；股数膨胀>2%,11.3,-9.01,-38.0,22.62,5.9,14.39,3.93,4.44,2.46,44.21,0.7924,8.65,-1.3391,7.9,14.22,-16.21,211852094
616,601688,601688.SH,沪,华泰证券,13.4,C-暂缓,16.0,9.5715,9.6186,27.77,2.63,8.54,否,应收增速>营收；FCF/NI<70%,3.79,12.94,nan,17.28,nan,,45.72,8.21,1.73,80.79,4.2056,,-0.8443,-0.18,-13.64,5.5,-12601571386
617,603217,603217.SH,沪,元利科技,13.2,C-暂缓,16.0,26.6084,27.6379,20.28,12.24,4.12,否,应收增速>营收；FCF/NI<70%,-6.73,-25.62,nan,2.42,-2.52,17.25,8.87,5.78,4.09,33.31,0.4995,27.4,-0.5574,-0.02,-1.91,-6.76,-30980243
618,603529,603529.SH,沪,爱玛科技,13.2,C-暂缓,32.0,11.306,11.9396,44.54,14.23,27.73,否,应收增速>营收；经营现金流3Y为负；FCF/NI<70%；股数膨胀>2%,6.45,3.46,-9.17,20.27,2.56,18.29,8.26,21.57,8.48,60.57,1.5361,28.27,0.5297,14.78,16.14,3.04,3784884313
619,688472,688472.SH,科,阿特斯,13.2,C-暂缓,16.0,25.6354,32.4076,56.88,11.58,-8.41,否,应收增速>营收；FCF/NI<70%,-5.39,-21.34,7.71,10.28,-14.6,10.37,2.6,4.52,1.61,63.65,1.751,2.09,0.3106,-0.61,-12.8,-53.19,7075155179
620,603997,603997.SH,沪,继峰股份,13.1,C-暂缓,26.0,22.1622,27.7471,27.4,7.69,nan,否,增速异常；应收增速>营收；股数膨胀>2%,8.24,nan,18.48,32.36,4.43,16.09,1.99,8.6,2.07,75.94,3.1563,2.34,1.3168,4.44,2.37,166.59,1750423796
621,601611,601611.SH,沪,中国核建,13.0,C-暂缓,14.0,27.5751,27.5973,46.72,6.96,5.75,否,FCF/NI<70%；股数膨胀>2%,0.93,-1.89,nan,4.41,0.41,12.14,2.27,5.01,1.0,78.63,3.6795,1.95,-0.7648,4.41,-10.24,-16.94,6021706
622,000987,000987.SZ,深,越秀资本,12.9,C-暂缓,16.0,8.9616,16.7798,39.3,-4.14,-2.74,否,应收增速>营收；FCF/NI<70%,-17.9,9.66,nan,77.86,nan,25.2,58.26,9.53,2.11,76.55,3.2644,11.32,0.2805,0.0,-40.75,67.12,6135563685
623,300390,300390.SZ,创,天华新能,12.8,C-暂缓,22.0,19.0828,20.7802,45.01,41.88,9.06,否,应收增速>营收；FCF/NI<70%；股数膨胀>2%,-23.75,-62.94,nan,-12.06,0.71,14.52,5.94,2.87,2.12,32.21,0.4751,5.76,-8.182,9.06,14.23,-56.2,-321825657
624,601686,601686.SH,沪,友发集团,12.8,C-暂缓,8.0,11.2653,16.8686,31.06,0.91,-8.81,否,应收增速>营收,-9.05,50.3,12.71,28.35,7.1,3.21,1.46,9.67,2.94,69.42,2.2701,6.06,0.7774,0.94,-7.57,53.93,1111891178
625,600639,600639.SH,沪,浦东金桥,12.6,C-暂缓,20.0,10.0527,11.5234,19.55,10.67,-1.43,否,增速异常；FCF/NI<70%,5.68,-12.94,nan,12.0,24.84,32.1,17.17,5.36,2.13,59.14,1.4474,5.19,-1.8557,0.0,118.91,4.73,-1886822112
626,600710,600710.SH,沪,苏美达,12.4,C-暂缓,16.0,9.6665,10.585,33.2,3.63,16.8,否,应收增速>营收；FCF/NI<70%,-5.85,8.17,nan,10.43,9.36,6.79,3.09,23.4,6.43,71.57,2.5174,22.9,-0.3067,0.0,0.54,11.84,-702412112
627,600511,600511.SH,沪,国药股份,12.2,C-暂缓,18.0,10.3324,10.3809,15.33,5.38,6.72,否,应收增速>营收；经营现金流3Y为负,4.87,-0.62,-5.75,30.44,11.78,6.59,3.98,10.64,5.84,44.64,0.8064,94.65,0.9273,0.0,3.7,-1.9,2005517512
628,002349,002349.SZ,深,精华制药,12.1,C-暂缓,25.0,25.7983,27.1807,18.11,2.64,56.46,否,利润增速显著快于营收；应收增速>营收；经营现金流3Y为负,-2.46,7.24,-1.66,13.69,-3.4,51.89,17.93,8.58,7.62,11.8,0.1338,484.67,1.2244,0.63,4.13,5.81,340866250
629,002705,002705.SZ,深,新宝股份,12.1,C-暂缓,26.0,10.9384,11.2699,43.09,4.18,-2.01,否,应收增速>营收；经营现金流3Y为负；FCF/NI<70%,5.74,0.47,-2.5,21.64,4.42,20.81,6.45,12.18,6.68,44.01,0.786,16.68,0.3824,-0.6,-3.74,-6.38,1318695341
630,600011,600011.SH,沪,华能国际,12.0,C-暂缓,15.0,8.8301,9.6706,32.38,6.24,27.88,否,利润增速显著快于营收；FCF/NI<70%,-2.41,nan,27.38,5.08,-4.67,18.45,8.51,9.39,3.25,65.26,1.8785,4.29,0.4954,0.0,-6.62,38.24,67212899994
631,001308,001308.SZ,深,康冠科技,11.9,C-暂缓,24.0,28.2508,30.9685,31.84,14.32,0.86,否,经营现金流3Y为负；FCF/NI<70%；股数膨胀>2%,7.69,-30.64,-43.49,5.29,24.26,13.94,3.5,6.49,3.09,51.78,1.0738,29.89,-0.2252,10.37,-7.15,-39.0,89384913
632,002432,002432.SZ,深,九安医疗,11.9,C-暂缓,23.0,14.3586,13.6849,25.53,-7.42,57.14,否,利润增速显著快于营收；应收增速>营收；FCF/NI<70%,-62.7,-48.36,nan,-50.36,-33.6,63.83,166.19,10.43,8.16,24.82,0.3301,22.04,-0.1889,-1.37,-47.32,26.08,-166803217
633,601555,601555.SH,沪,东吴证券,11.6,C-暂缓,18.0,11.5319,11.493,26.75,4.19,15.82,否,应收增速>营收；经营现金流3Y为负,-4.86,27.11,-15.43,65.8,nan,,39.55,8.31,1.81,79.76,3.9407,,3.8541,-0.26,-21.7,49.52,13997605610
634,002507,002507.SZ,深,涪陵榨菜,11.3,C-暂缓,32.0,16.8079,18.3586,19.67,1.36,-0.23,否,应收增速>营收；经营现金流3Y为负；FCF/NI<70%；股数膨胀>2%,-1.55,-5.11,-15.24,73.69,10.0,51.63,31.58,8.8,8.05,9.64,0.1067,14604.79,0.345,9.14,1.88,-3.92,657219113
635,002246,002246.SZ,深,北化股份,11.1,C-暂缓,27.0,28.9922,31.5901,27.52,3.12,25.29,否,增速异常；利润增速显著快于营收；应收增速>营收,2.44,41.51,49.63,21.62,-7.44,29.37,9.16,8.11,5.17,37.91,0.6106,80.83,0.8755,0.0,41.26,810.52,365201768
636,002192,002192.SZ,深,融捷股份,10.9,C-暂缓,33.0,15.7559,15.8971,36.95,16.6,67.14,否,利润增速显著快于营收；应收增速>营收；经营现金流3Y为负；FCF/NI<70%,-34.51,-52.13,-37.39,-19.13,29.9,51.18,32.46,7.78,5.9,27.1,0.3717,87.76,0.1693,0.0,49.71,35.65,310454462
637,920185,920185.BJ,北,贝特瑞,10.8,C-暂缓,14.0,27.0168,34.3164,48.85,30.71,18.22,否,FCF/NI<70%；股数膨胀>2%,-12.87,-20.54,nan,-5.9,5.18,20.72,6.76,7.73,3.32,57.26,1.3397,5.05,-1.5522,15.69,19.29,21.37,453676867
638,601200,601200.SH,沪,上海环境,10.7,C-暂缓,24.0,15.3981,15.6918,24.75,6.76,-0.94,否,应收增速>营收；经营现金流3Y为负；股数膨胀>2%,-0.14,4.48,-2.74,15.11,-11.02,26.69,11.37,5.31,2.32,56.26,1.2862,4.45,1.5456,6.27,-0.04,6.77,1642784841
639,600757,600757.SH,沪,长江传媒,10.5,C-暂缓,26.0,9.6593,10.3953,22.98,1.19,4.51,否,应收增速>营收；经营现金流3Y为负；FCF/NI<70%,4.0,11.36,-16.56,24.26,-7.95,33.25,14.27,10.33,7.24,29.04,0.4092,338.74,0.4601,0.0,0.14,6.9,619867391
640,600795,600795.SH,沪,国电电力,10.2,C-暂缓,16.0,14.0457,14.581,15.4,7.9,12.24,否,应收增速>营收；FCF/NI<70%,-4.04,25.97,10.81,7.83,-0.92,15.54,8.06,10.19,2.71,73.45,2.7665,4.04,0.6013,0.0,-4.99,-17.52,53668239032
641,600739,600739.SH,沪,辽宁成大,10.1,C-暂缓,18.0,17.2614,16.5448,21.5,-10.19,-33.38,否,经营现金流3Y为负；FCF/NI<70%,-12.07,-39.03,-38.15,-4.11,-16.64,13.05,3.33,1.02,0.68,33.82,0.511,1.58,-0.0095,0.0,-12.29,-50.33,337635427
642,603693,603693.SH,沪,江苏新能,9.9,C-暂缓,25.0,22.0085,23.2059,45.07,6.17,28.49,否,利润增速显著快于营收；应收增速>营收；经营现金流3Y为负,1.92,0.87,-5.85,18.48,10.58,49.98,28.7,7.36,3.37,53.34,1.1432,4.38,0.8183,0.0,-0.58,20.39,1140476144
643,002557,002557.SZ,深,洽洽食品,9.6,C-暂缓,18.0,22.9171,27.5493,28.63,4.44,-16.87,否,经营现金流3Y为负；FCF/NI<70%,-1.52,-31.13,-64.18,-7.64,25.2,23.41,4.86,5.76,3.24,44.49,0.8015,2.6,-0.0681,-0.08,-7.82,-62.41,70447310
644,600309,600309.SH,沪,万华化学,9.5,C-暂缓,26.0,17.5944,18.2398,23.73,22.58,6.16,否,应收增速>营收；经营现金流3Y为负；FCF/NI<70%,7.07,-6.25,-3.06,20.55,12.68,13.61,6.91,12.56,4.56,62.81,1.6889,6.19,0.207,-0.1,11.62,-5.08,33105189456
645,000686,000686.SZ,深,东北证券,9.1,C-暂缓,18.0,10.2398,10.4142,29.58,-5.17,0.32,否,经营现金流3Y为负；FCF/NI<70%,-0.06,76.21,-28.24,-8.83,nan,,29.41,7.42,1.47,81.82,4.5006,,0.6103,0.0,-22.08,60.66,1003020983
646,601598,601598.SH,沪,中国外运,9.1,C-暂缓,18.0,11.5254,27.1437,17.99,2.75,8.32,否,经营现金流3Y为负；FCF/NI<70%,-3.82,0.33,-15.52,-0.7,-2.87,5.69,4.42,9.95,5.51,43.78,0.7787,15.98,0.3604,-0.83,-8.34,2.48,3085506143
647,603612,603612.SH,沪,索通发展,8.7,C-暂缓,26.0,13.179,13.7311,54.17,24.77,29.72,否,增速异常；FCF/NI<70%；股数膨胀>2%,-3.03,-3.68,nan,1.1,-3.64,13.98,5.93,14.7,5.77,60.62,1.5394,5.76,0.0622,2.64,28.68,133.61,711875164
648,300073,300073.SZ,创,当升科技,8.6,C-暂缓,24.0,28.1572,34.7131,45.72,26.65,10.32,否,经营现金流3Y为负；FCF/NI<70%；股数膨胀>2%,-21.28,-34.49,-0.32,-22.27,0.48,12.73,6.12,4.36,3.21,31.14,0.4522,795.13,-1.2177,2.43,36.63,34.22,1149551755
649,002497,002497.SZ,深,雅化集团,8.4,C-暂缓,28.0,25.2627,22.8743,39.12,21.32,9.8,否,增速异常；应收增速>营收；FCF/NI<70%,-16.08,-50.85,nan,12.91,-18.68,22.06,6.43,5.04,3.8,26.17,0.3545,19.7,-1.5899,0.0,10.72,200.04,-569778008
650,002125,002125.SZ,深,湘潭电化,8.0,C-暂缓,25.0,24.6431,25.1765,39.12,9.26,54.26,否,利润增速显著快于营收；应收增速>营收；经营现金流3Y为负,-2.93,-18.94,-5.99,6.09,-17.55,21.57,11.18,6.9,4.32,36.51,0.5751,8.0,0.7404,0.0,0.46,-29.57,200006622
651,600956,600956.SH,沪,新天绿能,7.9,C-暂缓,24.0,19.8726,22.1341,37.63,9.65,0.83,否,经营现金流3Y为负；FCF/NI<70%；股数膨胀>2%,2.23,-10.6,-0.75,6.68,167.81,20.77,10.16,6.87,2.27,66.3,1.9674,3.36,-0.9741,2.53,-7.21,5.98,7296692202
652,601878,601878.SH,沪,浙商证券,7.8,C-暂缓,22.0,16.082,16.209,27.68,-3.63,11.8,否,应收增速>营收；FCF/NI<70%；股数膨胀>2%,-19.29,18.66,nan,7.41,nan,,32.15,6.78,1.5,78.95,3.7506,,-1.3313,5.65,-44.1,41.64,-3289744752
653,002803,002803.SZ,深,吉宏股份,7.7,C-暂缓,36.0,26.8152,30.6977,33.82,8.79,-10.35,否,增速异常；经营现金流3Y为负；FCF/NI<70%；股数膨胀>2%,7.73,24.87,-11.18,9.77,2.19,46.92,4.97,13.47,8.54,36.36,0.5713,25.12,0.3184,5.98,21.56,81.11,261219849
654,601800,601800.SH,沪,中国交建,7.7,C-暂缓,16.0,7.0973,9.6245,39.34,3.1,1.46,否,应收增速>营收；FCF/NI<70%,0.5,-5.62,226.07,14.94,13.59,11.37,2.85,4.45,1.07,76.83,3.3159,1.2,-0.9645,0.22,-5.29,-31.44,15333042142
655,600720,600720.SH,沪,中交设计,7.5,C-暂缓,32.0,8.1528,8.5617,38.6,7.2,-1.07,否,应收增速>营收；经营现金流3Y为负；FCF/NI<70%；股数膨胀>2%,11.52,21.52,-33.9,195.7,-70.63,30.08,13.27,9.27,4.77,46.98,0.8861,34.01,0.0734,43.51,-11.05,-17.58,352909959
656,600827,600827.SH,沪,百联股份,7.3,C-暂缓,18.0,10.8202,136.4426,28.06,-6.78,-6.95,否,应收增速>营收；经营现金流3Y为负,-8.42,-3.34,-33.69,0.11,-17.49,24.9,2.24,2.57,0.98,61.23,1.5793,2.29,1.9311,0.0,-10.44,-59.89,993216358
657,600918,600918.SH,沪,中泰证券,7.0,C-暂缓,24.0,17.7177,18.6092,25.54,1.93,-8.31,否,应收增速>营收；经营现金流3Y为负；股数膨胀>2%,6.91,33.47,-11.16,18.66,nan,,14.68,3.41,0.7,79.15,3.7962,,6.6487,4.35,4.6,54.66,11583840774
658,603227,603227.SH,沪,雪峰科技,6.9,C-暂缓,32.0,15.6273,16.4746,28.84,22.36,32.91,否,应收增速>营收；经营现金流3Y为负；FCF/NI<70%；股数膨胀>2%,-6.93,-22.76,-27.17,23.72,-9.5,22.32,10.42,9.71,7.03,28.71,0.4027,49.99,0.4328,3.5,-8.81,-23.29,418833719
659,000951,000951.SZ,深,中国重汽,6.6,C-暂缓,18.0,13.6719,14.5409,21.15,-0.75,-0.2,否,经营现金流3Y为负；FCF/NI<70%,26.06,65.85,-56.91,32.84,19.99,7.8,4.15,14.18,5.24,65.35,1.886,470.42,0.1247,0.0,28.51,28.32,562605368
660,600295,600295.SH,沪,鄂尔多斯,6.5,C-暂缓,24.0,14.3043,15.6392,27.57,2.15,5.92,否,应收增速>营收；经营现金流3Y为负；股数膨胀>2%,-10.9,-26.36,-14.87,5.29,-2.97,25.31,10.36,10.23,5.68,41.67,0.7144,28.03,1.3692,11.87,-9.37,35.46,4517600128
661,000737,000737.SZ,深,北方铜业,6.3,C-暂缓,24.0,27.0645,27.2793,31.63,90.07,53.81,否,应收增速>营收；经营现金流3Y为负；股数膨胀>2%,37.75,9.03,-3.91,105.41,63.4,10.28,2.83,12.14,4.35,62.99,1.702,4.87,1.4142,2.43,15.8,29.01,1888050454
662,603867,603867.SH,沪,新化股份,6.3,C-暂缓,32.0,22.3431,23.9089,35.88,4.86,6.31,否,应收增速>营收；经营现金流3Y为负；FCF/NI<70%；股数膨胀>2%,3.13,-6.47,-0.41,16.51,11.87,22.31,10.28,10.2,6.74,27.77,0.3845,18.19,-0.0595,5.61,-0.76,10.03,318945801
663,600256,600256.SH,沪,广汇能源,5.9,C-暂缓,18.0,22.4954,21.9634,20.64,15.0,1.65,否,应收增速>营收；经营现金流3Y为负,-19.98,-52.38,-21.66,1.23,4.64,19.7,3.96,4.89,2.23,54.56,1.2007,4.38,3.5231,-0.89,-16.47,-56.93,4878397838
664,603613,603613.SH,沪,国联股份,5.8,C-暂缓,32.0,9.9081,10.3385,45.49,28.03,34.75,否,应收增速>营收；经营现金流3Y为负；FCF/NI<70%；股数膨胀>2%,8.18,5.71,-24.02,40.38,158.89,6.48,3.12,16.52,8.0,52.39,1.1004,13.85,0.1274,13.05,-4.86,-8.5,601439665
665,605050,605050.SH,沪,福然德,5.8,C-暂缓,32.0,13.7151,15.0881,54.67,11.95,4.49,否,应收增速>营收；经营现金流3Y为负；FCF/NI<70%；股数膨胀>2%,4.38,8.01,-11.98,13.98,19.59,5.93,3.32,8.54,4.24,51.94,1.0807,57.66,-0.7266,4.25,4.29,19.19,73238522
666,000411,000411.SZ,深,英特集团,5.3,C-暂缓,24.0,11.3654,11.4446,32.66,6.13,11.99,否,经营现金流3Y为负；FCF/NI<70%；股数膨胀>2%,3.23,9.3,-3.12,3.09,7.42,6.99,1.79,10.99,3.85,65.55,1.9028,5.71,0.1976,20.45,0.98,-1.29,355669608
667,600694,600694.SH,沪,大商股份,5.3,C-暂缓,24.0,10.8772,12.5752,29.78,-5.24,0.49,否,经营现金流3Y为负；FCF/NI<70%；股数膨胀>2%,-5.19,-3.0,-13.68,-0.08,5.86,40.64,8.82,6.01,3.12,46.53,0.8702,7.4,0.6811,5.45,-10.75,-14.97,460594278
668,603223,603223.SH,沪,恒通股份,5.1,C-暂缓,29.0,23.3034,23.1258,31.86,-24.64,10.66,否,利润增速显著快于营收；应收增速>营收；FCF/NI<70%；股数膨胀>2%,-36.32,37.54,nan,-18.04,105.71,30.5,19.54,6.73,4.94,22.91,0.2972,9.58,-0.3778,11.87,-32.05,72.81,456176699
669,000960,000960.SZ,深,锡业股份,5.0,C-暂缓,25.0,25.3518,19.9441,23.98,-0.57,19.7,否,利润增速显著快于营收；经营现金流3Y为负；FCF/NI<70%,-5.75,10.35,-36.45,-13.14,22.17,11.37,4.85,9.4,5.49,42.9,0.7513,12.59,0.3156,0.0,3.72,34.37,1295469193
670,600595,600595.SH,沪,中孚实业,4.8,C-暂缓,38.0,8.8901,8.6264,42.84,23.04,nan,否,增速异常；应收增速>营收；经营现金流3Y为负；FCF/NI<70%,9.61,-1.65,-10.44,56.09,11.47,13.15,5.97,8.29,5.7,29.24,0.4132,6.53,0.4732,-0.05,1.35,83.99,1179993235
671,002734,002734.SZ,深,利民股份,4.7,C-暂缓,36.0,14.3081,14.5948,38.3,0.63,3.52,否,增速异常；应收增速>营收；经营现金流3Y为负；股数膨胀>2%,-3.36,30.99,-6.06,6.0,-10.69,26.4,11.29,15.17,7.72,38.64,0.6297,11.72,0.8827,8.5,6.83,446.97,532742393
672,601117,601117.SH,沪,中国化学,4.7,C-暂缓,26.0,7.0008,7.3878,28.24,11.57,12.99,否,应收增速>营收；经营现金流3Y为负；FCF/NI<70%,6.27,6.99,-1.27,17.2,-4.42,10.71,3.72,9.87,2.94,69.86,2.3179,29.12,-0.1703,-0.01,1.88,13.38,1443378231
673,600461,600461.SH,沪,洪城环境,4.5,C-暂缓,24.0,9.6288,9.7688,16.54,2.55,10.4,否,应收增速>营收；经营现金流3Y为负；股数膨胀>2%,-1.26,5.6,-4.42,30.09,-11.64,34.15,17.18,11.82,5.16,55.43,1.2437,8.25,0.705,5.61,-9.0,-3.85,1910179415
674,603977,603977.SH,沪,国泰集团,4.5,C-暂缓,26.0,29.0579,33.7024,33.66,6.73,3.9,否,应收增速>营收；经营现金流3Y为负；FCF/NI<70%,3.12,14.15,-12.49,11.2,24.05,36.28,11.33,7.1,4.31,42.72,0.7458,19.33,-0.8864,0.0,0.26,21.7,194137174
675,600363,600363.SH,沪,联创光电,4.4,C-暂缓,38.0,18.3795,19.5826,76.88,-2.67,12.32,否,增速异常；应收增速>营收；经营现金流3Y为负；FCF/NI<70%,0.29,19.04,-1.36,15.18,-10.52,20.86,16.51,11.08,6.5,41.85,0.7197,8.88,-0.009,-0.32,7.66,91.37,180048501
676,002960,002960.SZ,深,青鸟智控,3.3,C-暂缓,32.0,29.6713,36.0678,40.52,13.22,-5.44,否,应收增速>营收；经营现金流3Y为负；FCF/NI<70%；股数膨胀>2%,0.68,-17.88,-12.68,9.86,1.27,34.67,7.07,5.01,3.45,34.16,0.5188,12.33,-0.0527,15.96,-4.58,-8.24,322006346
677,600741,600741.SH,沪,华域汽车,3.2,C-暂缓,26.0,6.6998,7.5403,29.16,6.61,3.35,否,应收增速>营收；经营现金流3Y为负；FCF/NI<70%,5.15,0.68,-1.58,14.48,-2.35,12.3,4.47,11.98,4.28,64.29,1.8003,12.43,0.6953,0.0,8.97,9.95,9523102797
678,600648,600648.SH,沪,外高桥,2.7,C-暂缓,22.0,13.4435,234.3868,23.68,-10.19,4.22,否,应收增速>营收；FCF/NI<70%；股数膨胀>2%,-13.43,-8.98,nan,0.77,0.39,27.65,15.85,6.34,2.02,65.55,1.9028,4.07,-1.1663,6.2,-17.55,-1.89,-76414777
679,600063,600063.SH,沪,皖维高新,2.2,C-暂缓,18.0,24.4224,27.6596,35.7,2.58,-6.6,否,经营现金流3Y为负；FCF/NI<70%,-6.94,-31.64,-47.32,-0.02,1.82,12.67,5.42,5.13,2.79,45.74,0.843,5.09,-1.0319,-1.41,-0.22,21.97,334888738
680,000783,000783.SZ,深,长江证券,2.1,C-暂缓,30.0,11.3151,11.1136,19.85,6.26,12.15,否,增速异常；经营现金流3Y为负；FCF/NI<70%,18.3,34.23,-5.48,22.28,nan,,35.09,9.1,1.96,79.62,3.9068,,0.4874,0.0,55.22,101.5,1960280276
681,000597,000597.SZ,深,东北制药,1.3,C-暂缓,17.0,28.5522,35.9392,22.33,-0.85,82.27,否,利润增速显著快于营收；经营现金流3Y为负,-7.05,-15.19,-0.07,-4.27,-1.07,37.27,3.08,3.88,1.59,56.01,1.2732,5.36,4.6557,-0.17,-5.7,-48.54,1106382481
682,002500,002500.SZ,深,山西证券,1.3,C-暂缓,26.0,20.1511,21.4062,24.57,0.05,3.12,否,应收增速>营收；经营现金流3Y为负；FCF/NI<70%,-6.96,16.18,-74.23,16.39,nan,,26.53,4.8,1.09,77.03,3.3535,,-0.0998,0.0,6.31,28.7,20991993
683,300003,300003.SZ,创,乐普医疗,1.2,C-暂缓,30.0,29.1147,33.9373,43.66,-4.21,-11.5,否,增速异常；应收增速>营收；经营现金流3Y为负,-15.14,-23.14,-18.39,1.37,-3.74,64.01,15.72,5.91,4.02,32.06,0.4719,7.48,0.8592,-0.66,6.22,416.49,1516920677
684,600064,600064.SH,沪,南京高科,0.8,C-暂缓,28.0,7.5812,9.4829,21.12,3.18,-3.87,否,增速异常；应收增速>营收；FCF/NI<70%,-8.69,-11.35,nan,26.76,-13.73,23.05,50.55,8.61,4.49,47.65,0.9102,9.71,0.5354,0.0,72.61,5.26,980519894
685,603057,603057.SH,沪,紫燕食品,0.7,C-暂缓,26.0,29.8018,45.2911,39.32,4.38,-7.7,否,应收增速>营收；经营现金流3Y为负；FCF/NI<70%,-3.49,3.57,-10.91,29.87,8.94,22.56,7.4,11.74,6.65,46.62,0.8734,19.37,0.1966,0.12,-3.7,-31.06,248101739
686,300861,300861.SZ,创,美畅股份,0.6,C-暂缓,32.0,27.4152,32.1344,39.96,12.38,-11.63,否,应收增速>营收；经营现金流3Y为负；FCF/NI<70%；股数膨胀>2%,-16.1,-45.11,-29.64,15.79,-2.96,23.44,11.29,3.79,3.44,9.7,0.1074,111.12,0.6652,11.86,-4.88,70.48,169851262
687,601898,601898.SH,沪,中煤能源,0.5,C-暂缓,26.0,10.3447,10.1895,27.67,0.99,19.6,否,应收增速>营收；经营现金流3Y为负；FCF/NI<70%,-12.44,-4.88,-11.94,-4.17,-9.22,27.49,14.75,11.12,6.0,45.82,0.8457,13.6,0.3717,0.0,-21.83,-12.48,29791934000
688,002091,002091.SZ,深,江苏国泰,0.3,C-暂缓,26.0,10.2898,14.0708,30.63,5.53,8.28,否,应收增速>营收；经营现金流3Y为负；FCF/NI<70%,-2.7,-5.81,-13.98,10.43,-0.14,16.22,5.6,9.87,4.8,51.42,1.0585,11.2,0.6239,0.0,1.24,18.16,2344524029
689,002709,002709.SZ,深,天赐材料,0.1,C-暂缓,38.0,19.5663,19.6776,41.58,32.23,21.85,否,增速异常；应收增速>营收；经营现金流3Y为负；FCF/NI<70%,-9.3,-38.73,-34.27,14.08,-11.97,22.24,8.07,8.57,5.28,33.02,0.493,9.26,0.3892,1.82,33.0,180.95,1182243395
690,000028,000028.SZ,深,国药一致,0,C-暂缓,36.0,10.8819,11.2631,29.02,4.24,-8.1,否,增速异常；应收增速>营收；经营现金流3Y为负；股数膨胀>2%,-0.01,-13.96,-13.82,16.1,1.2,10.68,1.54,5.32,2.33,55.95,1.2701,8.52,1.2612,9.14,-1.29,376.09,1638588925
691,000422,000422.SZ,深,湖北宜化,0,C-暂缓,39.0,18.2746,31.4539,39.36,13.19,44.2,否,利润增速显著快于营收；应收增速>营收；经营现金流3Y为负；FCF/NI<70%；股数膨胀>2%,7.39,-19.11,-2.25,32.43,32.68,18.14,5.63,10.64,3.2,70.55,2.3956,4.09,-0.6239,6.62,51.22,61.63,3606060152
692,000958,000958.SZ,深,电投产融,0,C-暂缓,36.0,23.193,59.7586,30.0,-1.38,11.61,否,增速异常；经营现金流3Y为负；FCF/NI<70%；股数膨胀>2%,26.81,47.39,-1.04,21.99,177.67,31.21,37.9,7.35,3.18,60.27,1.517,5.53,-1.9174,47.78,117.01,246.68,3535781832
693,002258,002258.SZ,深,利尔化学,0,C-暂缓,38.0,26.4946,26.671,19.17,12.64,-2.84,否,增速异常；应收增速>营收；经营现金流3Y为负；FCF/NI<70%,-3.86,-34.06,-20.66,10.03,-3.35,18.91,6.45,6.36,3.66,42.6,0.7422,9.09,0.3967,0.0,23.21,94.59,1296665108
694,002460,002460.SZ,深,赣锋锂业,0,C-暂缓,38.0,29.8136,88.9566,40.96,33.11,3.49,否,增速异常；应收增速>营收；经营现金流3Y为负；FCF/NI<70%,-17.97,-60.48,-38.22,-4.99,8.74,15.72,5.47,2.54,1.18,54.23,1.1848,1.63,-3.1429,1.3,22.08,148.0,2944844627
695,002756,002756.SZ,深,永兴材料,0,C-暂缓,32.0,26.8065,29.3886,46.94,8.34,20.25,否,应收增速>营收；经营现金流3Y为负；FCF/NI<70%；股数膨胀>2%,-21.89,-53.64,-58.55,-3.43,-4.12,15.8,8.72,5.1,4.56,11.97,0.136,142.55,0.4298,9.14,-8.06,-39.03,473481846
696,002759,002759.SZ,深,ST天际,0,C-暂缓,34.0,25.6936,27.3408,67.01,31.88,nan,否,增速异常；应收增速>营收；FCF/NI<70%；股数膨胀>2%,-3.27,-33.12,nan,5.02,-1.0,18.08,5.07,3.99,2.32,41.86,0.72,5.66,-4.319,7.06,43.28,110.5,-300342981
697,002925,002925.SZ,深,盈趣科技,0,C-暂缓,38.0,22.201,75.0794,15.78,-4.9,-10.93,否,增速异常；应收增速>营收；经营现金流3Y为负；FCF/NI<70%,-1.67,-5.45,-25.96,12.92,3.24,28.01,14.5,11.4,7.53,38.17,0.6173,23.02,-0.2032,-0.23,15.61,124.29,493634825
698,301216,301216.SZ,创,万凯新材,0,C-暂缓,36.0,19.0831,134.4812,47.49,10.75,-3.7,否,增速异常；经营现金流3Y为负；FCF/NI<70%；股数膨胀>2%,-7.2,-44.03,-19.55,-10.86,12.0,3.48,1.08,2.89,0.95,64.49,1.8161,1.9,-6.0088,19.1,-10.08,155.59,440998815
699,301358,301358.SZ,创,湖南裕能,0,C-暂缓,34.0,14.6929,14.6671,38.84,105.0,100.44,否,增速异常；应收增速>营收；FCF/NI<70%；股数膨胀>2%,-6.81,-25.02,nan,1.26,-9.96,9.15,3.66,10.3,3.65,66.89,2.0202,8.05,-2.977,10.24,53.22,114.77,-1546350345
700,600039,600039.SH,沪,四川路桥,0,C-暂缓,24.0,10.3335,10.5525,21.69,13.52,19.62,否,应收增速>营收；经营现金流3Y为负；股数膨胀>2%,-5.21,-13.1,-16.76,34.75,4.98,14.36,6.48,14.0,2.94,79.12,3.7893,4.95,0.8823,11.78,7.34,1.29,7722656092
701,600089,600089.SH,沪,特变电工,0,C-暂缓,32.0,19.0331,22.8162,39.75,17.12,13.43,否,应收增速>营收；经营现金流3Y为负；FCF/NI<70%；股数膨胀>2%,0.45,-35.96,-24.58,15.35,15.14,18.8,6.17,6.28,2.76,55.6,1.2523,6.34,-2.1115,9.15,-0.56,66.79,9330630989
702,600141,600141.SH,沪,兴发集团,0,C-暂缓,26.0,25.6378,26.1169,40.36,9.76,22.08,否,应收增速>营收；经营现金流3Y为负；FCF/NI<70%,-1.12,-38.1,-38.32,31.77,16.26,17.96,5.5,6.82,3.23,53.11,1.1327,5.9,-0.3886,-0.25,3.18,-0.4,1615381556
703,600188,600188.SH,沪,兖矿能源,0,C-暂缓,39.0,22.3242,37.4976,22.99,-7.58,15.78,否,利润增速显著快于营收；应收增速>营收；经营现金流3Y为负；FCF/NI<70%；股数膨胀>2%,-10.3,-28.82,-28.56,9.51,-5.33,29.34,9.82,8.87,3.29,62.23,1.6476,5.36,0.1168,26.58,4.17,-32.04,19484794000
704,600278,600278.SH,沪,东方创业,0,C-暂缓,26.0,29.0464,30.817,33.26,-3.46,-4.53,否,应收增速>营收；经营现金流3Y为负；FCF/NI<70%,-7.3,-17.79,-74.92,28.87,-4.75,5.19,0.8,3.31,1.4,57.19,1.3359,9.62,-0.1007,-0.39,-6.73,-5.92,15016196
705,600348,600348.SH,沪,华阳股份,0,C-暂缓,32.0,20.3328,22.3128,15.39,-7.21,5.48,否,应收增速>营收；经营现金流3Y为负；FCF/NI<70%；股数膨胀>2%,-15.1,-35.17,-31.68,0.09,2.45,39.45,10.12,5.52,2.58,53.25,1.139,5.75,-1.3618,14.47,-14.43,-16.64,3179188893
706,600389,600389.SH,沪,江山股份,0,C-暂缓,36.0,14.2637,21.6347,44.32,2.58,8.89,否,增速异常；经营现金流3Y为负；FCF/NI<70%；股数膨胀>2%,-11.35,-34.38,-44.98,-22.84,-5.58,17.36,9.05,12.76,5.73,55.62,1.2533,27.39,-1.8532,12.14,7.08,131.14,295413701
707,600395,600395.SH,沪,盘江股份,0,C-暂缓,38.0,29.4486,32.3483,15.22,8.54,-17.46,否,增速异常；应收增速>营收；经营现金流3Y为负；FCF/NI<70%,-6.24,-45.85,-35.59,50.31,22.32,26.17,3.64,3.07,0.78,75.25,3.0404,1.74,-8.8678,0.0,9.68,217.62,944673276
708,600528,600528.SH,沪,中铁工业,0,C-暂缓,26.0,11.271,12.6617,29.47,2.65,-6.2,否,应收增速>营收；经营现金流3Y为负；FCF/NI<70%,-1.32,-11.05,-3.36,11.11,8.72,18.73,4.79,4.76,2.05,56.41,1.2941,31.23,0.1929,0.0,-4.53,-23.52,1098472161
709,600623,600623.SH,沪,华谊集团,0,C-暂缓,26.0,29.8371,35.5427,33.36,10.32,6.49,否,应收增速>营收；经营现金流3Y为负；FCF/NI<70%,6.05,-30.94,-37.92,14.26,5.32,7.63,1.2,1.71,0.77,56.85,1.3175,3.44,-2.0199,-0.13,2.96,-55.33,1784409696
710,600820,600820.SH,沪,隧道股份,0,C-暂缓,26.0,7.6412,8.3829,27.79,1.41,0.12,否,应收增速>营收；经营现金流3Y为负；FCF/NI<70%,-3.9,-8.14,-16.38,4.74,17.15,13.99,4.01,5.57,1.31,75.8,3.1322,2.82,0.3724,0.0,-15.82,-21.51,2192089411
711,600958,600958.SH,沪,东方证券,0,C-暂缓,33.0,13.0864,13.5449,27.85,-7.87,15.66,否,利润增速显著快于营收；应收增速>营收；经营现金流3Y为负；FCF/NI<70%,-6.4,23.23,-79.15,39.62,nan,,36.68,6.87,1.25,83.02,4.8893,,-0.0227,0.0,-19.97,68.15,195871202
712,603128,603128.SH,沪,华贸物流,0,C-暂缓,26.0,15.0734,19.9903,18.75,4.97,-2.1,否,应收增速>营收；经营现金流3Y为负；FCF/NI<70%,-6.63,-17.56,-34.58,12.34,46.6,8.99,2.88,8.31,4.49,48.04,0.9246,13.33,0.5109,-0.01,2.51,-7.9,407039272
713,603299,603299.SH,沪,苏盐井神,0,C-暂缓,33.0,18.2457,26.9877,29.79,2.74,28.45,否,利润增速显著快于营收；应收增速>营收；经营现金流3Y为负；FCF/NI<70%,-8.95,-13.51,-31.97,5.13,-11.09,34.61,11.8,8.08,5.2,36.97,0.5865,27.75,-1.1883,-0.02,-15.68,-31.82,359855255
714,603599,603599.SH,沪,广信股份,0,C-暂缓,32.0,14.0878,17.8561,39.28,0.75,2.22,否,应收增速>营收；经营现金流3Y为负；FCF/NI<70%；股数膨胀>2%,-26.95,-34.87,-48.89,6.21,-19.15,32.36,18.6,6.64,4.56,28.65,0.4015,53.88,0.461,11.87,-23.92,-15.16,390906320
715,688779,688779.SH,科,五矿新能,0,C-暂缓,38.0,24.8898,24.4172,36.15,35.96,15.74,否,增速异常；应收增速>营收；经营现金流3Y为负；FCF/NI<70%,-19.61,-46.5,-7.58,8.49,-8.54,7.95,2.44,3.19,1.57,55.13,1.2287,1.58,0.4706,0.0,68.62,144.93,239223868
